Date,blend
2010-01-04,0.005071104233596252
2010-01-05,0.0012965002481078259
2010-01-06,0.0005259534932208418
2010-01-07,-0.0013882464350104223
2010-01-08,0.01902146562263205
2010-01-11,-0.01708390004619862
2010-01-12,-0.0038983402665252495
2010-01-13,0.008443063477745028
2010-01-14,0.0010460283128211176
2010-01-15,-0.01063586119647775
2010-01-19,0.004347332323173156
2010-01-20,-0.005654470470805335
2010-01-21,-0.025021271729809717
2010-01-22,-0.017345599724710725
2010-01-25,-0.007215380483667036
2010-01-26,-0.00040613972891666023
2010-01-27,0.004438662690916844
2010-01-28,-0.01236390009463862
2010-01-29,-0.015514620370439654
2010-02-01,0.009971925887216404
2010-02-02,0.006842824983722177
2010-02-03,-0.003936221486450864
2010-02-04,-0.02011196347451267
2010-02-05,0.0015252199504047304
2010-02-08,0.003662036093855255
2010-02-09,0.0013509376725853411
2010-02-10,-0.0049616788994525565
2010-02-11,0.004503668863397758
2010-02-12,0.017253274039705002
2010-02-16,0.00988554412894729
2010-02-17,0.00034569050829928423
2010-02-18,0.006009728402903849
2010-02-19,0.006632707989124124
2010-02-22,-0.006604338035137523
2010-02-23,-0.005506278699523712
2010-02-24,-0.006755245189077854
2010-02-25,0.012379890652480217
2010-02-26,0.006651629095991143
2010-03-01,0.01301239931573135
2010-03-02,0.0012770232755373039
2010-03-03,0.0006526489495707638
2010-03-04,0.010788543358887027
2010-03-05,0.008802600089734238
2010-03-08,-0.0031860494494405428
2010-03-09,0.009811572326079647
2010-03-10,0.0033195510375783107
2010-03-11,0.013746152718691187
2010-03-12,-0.0059094416352102825
2010-03-15,0.004957211467843123
2010-03-16,0.010706768719720497
2010-03-17,0.0023131574852388475
2010-03-18,0.004820894681470094
2010-03-19,-0.016418443747473876
2010-03-22,0.021971760872638475
2010-03-23,0.005173836828835798
2010-03-24,0.007065078609065974
2010-03-25,-0.007201580192751761
2010-03-26,0.004308695026470967
2010-03-29,0.0038699589052221786
2010-03-30,-0.004301197313662493
2010-03-31,0.0033086636761182884
2010-04-01,-0.0004777385094628104
2010-04-05,0.0048649940289396745
2010-04-06,0.004188282733615727
2010-04-07,-0.007335466869579978
2010-04-08,0.00983994061742134
2010-04-09,0.00784445105042152
2010-04-12,-0.001517186804384322
2010-04-13,0.015311227328260353
2010-04-14,0.007987881450611276
2010-04-15,0.0023536376418449747
2010-04-16,-0.017103806683607753
2010-04-19,0.01362878690456706
2010-04-20,0.007828719586871877
2010-04-21,-0.014621892453301802
2010-04-22,0.02038756658086657
2010-04-23,0.010022783008547543
2010-04-26,-0.010767645911927517
2010-04-27,-0.01926342069378148
2010-04-28,0.0032004630347260794
2010-04-29,0.01671307956535311
2010-04-30,-0.0209394200456505
2010-05-03,-0.002656752171739998
2010-05-04,-0.03526009594847555
2010-05-05,-0.0034966023993055336
2010-05-06,-0.030493857814144612
2010-05-07,0.028189044730086297
2010-05-10,-0.00440612710030381
2010-05-11,0.008782661496076741
2010-05-12,0.009170258808357135
2010-05-13,-0.0179310259767593
2010-05-14,-0.008821666621468539
2010-05-17,0.006272805216206281
2010-05-18,-0.025742030966186408
2010-05-19,-0.019571948000951245
2010-05-20,-0.03042315122053007
2010-05-21,0.02699391733083778
2010-05-24,-0.028382665316808053
2010-05-25,0.03583312320425413
2010-05-26,0.0069395248651987875
2010-05-27,0.010756043390830555
2010-05-28,-0.016053962398181767
2010-06-01,-0.0024838221637372647
2010-06-02,0.020412182152386164
2010-06-03,-0.018057230551224518
2010-06-04,-0.012039239659999488
2010-06-07,-0.015370488038603726
2010-06-08,0.008992029337160538
2010-06-09,0.0004990311771868562
2010-06-10,0.006827103753678293
2010-06-11,0.021997915285213103
2010-06-14,-0.003672110340312715
2010-06-15,0.013767469803205923
2010-06-16,0.006413869731091851
2010-06-17,-0.001184054188631583
2010-06-18,0.010095086664224122
2010-06-21,-0.014184290689612503
2010-06-22,-0.014482964643317909
2010-06-23,-0.007213652287988962
2010-06-24,-0.007029355165717571
2010-06-25,0.0014976399596844602
2010-06-28,-0.018520974834179603
2010-06-29,-0.024059668986285886
2010-06-30,-0.007560126202915538
2010-07-01,-0.0016729941742798687
2010-07-02,0.006234543725052026
2010-07-06,-0.007959424707671022
2010-07-07,0.03414080628623328
2010-07-08,0.00042457106811700195
2010-07-09,0.004654130839952808
2010-07-12,0.012767076494806549
2010-07-13,0.004287648318408141
2010-07-14,0.0021017737225712697
2010-07-15,-0.0019837306210934813
2010-07-16,-0.02072193050403824
2010-07-19,-0.008464384782525286
2010-07-20,0.033014651194864256
2010-07-21,-0.007326359083071622
2010-07-22,0.008284811107918334
2010-07-23,0.014446852216120316
2010-07-26,0.011060148917934706
2010-07-27,-0.008273218156342304
2010-07-28,-0.0002641400370646269
2010-07-29,-0.019981266192360833
2010-07-30,0.02489082776934282
2010-08-02,0.004411855695303295
2010-08-03,-0.0007485091651779673
2010-08-04,0.00039396560146601634
2010-08-05,-0.0064333843986982865
2010-08-06,0.015235152195914281
2010-08-09,-0.00909807430237667
2010-08-10,-0.017967451990858297
2010-08-11,-0.03137077618950609
2010-08-12,0.00794377151517852
2010-08-13,-0.007456776773369594
2010-08-16,0.016304485228800278
2010-08-17,0.005207776906742982
2010-08-18,6.465031056172331e-05
2010-08-19,-0.015446859901137408
2010-08-20,0.009530089495685953
2010-08-23,-0.03217891225678242
2010-08-24,-0.016350273531693844
2010-08-25,0.021665468327554175
2010-08-26,-0.006659069282724817
2010-08-27,0.0052353984670785465
2010-08-30,-0.01464476664643701
2010-08-31,0.019781155794209825
2010-09-01,0.017414618757987298
2010-09-02,0.017149771782630524
2010-09-03,0.0001576397315515561
2010-09-07,-0.001420074989692617
2010-09-08,0.012604338341371138
2010-09-09,-0.003113130715476854
2010-09-10,0.011179270311381637
2010-09-13,0.0007437722596988871
2010-09-14,0.0008631315887569929
2010-09-15,0.004530482981672853
2010-09-16,0.009820257376804559
2010-09-17,-0.00026508958368915407
2010-09-20,0.013886949474067458
2010-09-21,-0.004946468389109869
2010-09-22,-0.005637144895872581
2010-09-23,0.016108166182318705
2010-09-24,0.009602754468246065
2010-09-27,-0.002844690918305607
2010-09-28,-0.001846653994280425
2010-09-29,0.004421596557566802
2010-09-30,-0.0036569131760158776
2010-10-01,-0.010079597873714938
2010-10-04,0.00606454127560547
2010-10-05,0.012312515547509967
2010-10-06,-0.0006856529924800349
2010-10-07,-0.00246240262732646
2010-10-08,0.007796805365127449
2010-10-11,-0.0017408185898647093
2010-10-12,0.013664959195321236
2010-10-13,0.001237496906374509
2010-10-14,0.008630676817424066
2010-10-15,0.0058943189100709266
2010-10-18,-0.01000692257861018
2010-10-19,0.0014167898339714846
2010-10-20,0.011223039183760254
2010-10-21,-0.002994066514814567
2010-10-22,0.009602647105114562
2010-10-25,-0.006892373763234082
2010-10-26,0.0006745007133270784
2010-10-27,0.011417631180255456
2010-10-28,-0.0030831387277155367
2010-10-29,0.0043648052380791755
2010-11-01,0.00208468613263035
2010-11-02,0.0054521354178419515
2010-11-03,0.016676905452131692
2010-11-04,0.004918540603918872
2010-11-05,-0.003765806684715309
2010-11-08,0.008268477101678957
2010-11-09,-0.013399493336053253
2010-11-10,-0.012216406202492622
2010-11-11,0.0037596843445314443
2010-11-12,-0.006281727726732334
2010-11-15,-0.018871019720971008
2010-11-16,-0.011906877967096809
2010-11-17,0.014435239174165077
2010-11-18,0.004272906604996199
2010-11-19,-0.0017230561522876353
2010-11-22,-0.0011120407310496897
2010-11-23,0.003858085236941086
2010-11-24,0.0011911192139015315
2010-11-26,-0.004621114216108988
2010-11-29,-0.007015157996985034
2010-11-30,0.017231339213771492
2010-12-01,0.011137989220566314
2010-12-02,0.006790737730921145
2010-12-03,0.008067449482269805
2010-12-06,0.014381991559092457
2010-12-07,-0.011251762542563753
2010-12-08,0.002953470413846313
2010-12-09,-0.0019727494888727303
2010-12-10,0.010144589787728649
2010-12-13,-0.0043356909391065995
2010-12-14,-0.004237716501437398
2010-12-15,-0.0017774774900650718
2010-12-16,0.007066676007506313
2010-12-17,0.006715646128719937
2010-12-20,0.004735951495164346
2010-12-21,0.005028689500554865
2010-12-22,-0.002961810162338304
2010-12-23,-0.0023700243496854972
2010-12-27,0.006078402211574014
2010-12-28,0.0006829376271005924
2010-12-29,0.0009469779653859358
2010-12-30,-0.0030401722348551434
2010-12-31,0.011074473954435277
2011-01-03,0.008688693095688833
2011-01-04,-0.01415230384910222
2011-01-05,0.015763731765173428
2011-01-06,-0.0003091911511433369
2011-01-07,-0.0053421604005510865
2011-01-10,0.012958757359722926
2011-01-11,0.008782151692927509
2011-01-12,0.004101357189684798
2011-01-13,-0.003378092574451561
2011-01-14,0.0048045592418605
2011-01-18,0.012647409893477679
2011-01-19,-0.027463530623367004
2011-01-20,0.006894362293116208
2011-01-21,-0.010963924597733331
2011-01-24,0.007686358700760517
2011-01-25,0.00791645652563562
2011-01-26,0.014213712906791383
2011-01-27,-0.0001069210630065666
2011-01-28,-0.021129116957632647
2011-01-31,0.018040580996203044
2011-02-01,0.010918328464431661
2011-02-02,0.00016481230827047064
2011-02-03,0.004033310109560835
2011-02-04,0.004593590911108774
2011-02-07,0.005259422251276007
2011-02-08,0.00033674720561474017
2011-02-09,-0.010140346951898437
2011-02-10,0.008100309875025774
2011-02-11,0.010607866772007125
2011-02-14,0.005618835107583578
2011-02-15,0.0005011197243947247
2011-02-16,0.001867666474830504
2011-02-17,0.008552333264423043
2011-02-18,-0.01437341608637543
2011-02-22,-0.01934984150496734
2011-02-23,-0.004063457772321198
2011-02-24,0.005150598534139779
2011-02-25,0.012321643856599356
2011-02-28,0.006008284977657376
2011-03-01,-0.02719946519782084
2011-03-02,0.018064778053442653
2011-03-03,0.010478282868380295
2011-03-04,-0.002381045484252183
2011-03-07,-0.016451189845008114
2011-03-08,0.0018569032260782924
2011-03-09,-0.014115500947839983
2011-03-10,-0.014031966415280185
2011-03-11,0.009148456023856827
2011-03-14,-0.02772633738829246
2011-03-15,0.013438164646422416
2011-03-16,0.00046530109131207454
2011-03-17,0.01031494986561566
2011-03-18,0.0028916468849135178
2011-03-21,0.005819924170013448
2011-03-22,-0.007457898608017986
2011-03-23,0.01393551108365782
2011-03-24,0.01007197912889875
2011-03-25,0.003671175941795838
2011-03-28,-0.00875488283346165
2011-03-29,0.017224661403023533
2011-03-30,-9.88379946652235e-05
2011-03-31,0.0067642093610418026
2011-04-01,0.0009193510542087024
2011-04-04,-0.00546545754262402
2011-04-05,0.010278348820711117
2011-04-06,-0.010328245079176743
2011-04-07,0.005035045585585355
2011-04-08,-0.008363724033182713
2011-04-11,-0.019360239959781134
2011-04-12,0.002305032235586768
2011-04-13,-0.011781035561975683
2011-04-14,0.008195958112777483
2011-04-15,-0.01141328964732381
2011-04-18,0.004049792315543985
2011-04-19,0.0335316087048924
2011-04-20,0.015088219505380182
2011-04-21,-0.0004627206425082466
2011-04-25,0.003662928408816019
2011-04-26,0.01007806785372423
2011-04-27,0.00027289300418794444
2011-04-28,0.002725218153626933
2011-04-29,0.007467087700520685
2011-05-02,-0.011421755346588531
2011-05-03,-0.009000725153195385
2011-05-04,-0.01940943540946688
2011-05-05,0.014758279615415374
2011-05-06,-0.007611749968429745
2011-05-09,0.010828359754759452
2011-05-10,0.004118339728599807
2011-05-11,-0.02005613253550012
2011-05-12,0.009274989010271469
2011-05-13,-0.02122556391762599
2011-05-16,-0.01707068061404354
2011-05-17,0.00499323058034176
2011-05-18,0.01865217142750733
2011-05-19,-0.0024200927074906884
2011-05-20,-0.02855279934481169
2011-05-23,0.006552886318963317
2011-05-24,-0.01113203031142147
2011-05-25,0.009035256016341583
2011-05-26,0.015798265116170253
2011-05-27,0.015579424288480807
2011-05-31,0.0010084282647812842
2011-06-01,-0.02237708513030956
2011-06-02,-0.014327141863297147
2011-06-03,-0.001772067368623866
2011-06-06,-0.0029712779220701013
2011-06-07,-0.007300996175936646
2011-06-08,-0.0013007669005849125
2011-06-09,-0.0012895322796773665
2011-06-10,-0.011803634030850765
2011-06-13,0.007044955432965148
2011-06-14,-0.004178296119786609
2011-06-15,-0.010010809588856981
2011-06-16,0.008252455894795577
2011-06-17,-0.014264221879364315
2011-06-20,0.016015677632005697
2011-06-21,0.010595334424430492
2011-06-22,-0.015584421466274048
2011-06-23,0.012536557376681624
2011-06-24,-0.013930279678670228
2011-06-27,0.01482550370351399
2011-06-28,0.017900509328960208
2011-06-29,0.004855229939203034
2011-06-30,0.009006680716384198
2011-07-01,0.014324634801255808
2011-07-05,-0.0003772003777412227
2011-07-06,0.011952696148738076
2011-07-07,-0.007848253836505432
2011-07-08,-0.005422237964529238
2011-07-11,-0.008517421842598419
2011-07-12,0.0038408909608312956
2011-07-13,0.0012826588693204796
2011-07-14,-0.003731129324549236
2011-07-15,-0.001821308681000926
2011-07-18,0.00511579228826456
2011-07-19,0.014793036034392734
2011-07-20,-0.0016050893230234154
2011-07-21,0.008550681474221436
2011-07-22,-0.004792860060741076
2011-07-25,0.0057746228448600865
2011-07-26,-0.007285403059761972
2011-07-27,-0.016277574150577366
2011-07-28,-0.010153613034618245
2011-07-29,0.015946031346908144
2011-08-01,-0.025140183987123182
2011-08-02,-0.017595476013375137
2011-08-03,-0.010369643316014596
2011-08-04,-0.023710865722813803
2011-08-05,-0.03407773658267092
2011-08-08,-0.016933107999840925
2011-08-09,0.008038986799583724
2011-08-10,-0.01281663731723918
2011-08-11,0.035166298424977996
2011-08-12,0.006304817483113012
2011-08-15,0.002316394054880574
2011-08-16,0.00528356825627529
2011-08-17,-0.020965178208646903
2011-08-18,-0.02120797365986758
2011-08-19,0.01595219836332585
2011-08-22,-0.012206643237054811
2011-08-23,0.01994069782590037
2011-08-24,0.009251919719989118
2011-08-25,-0.01769593266628066
2011-08-26,0.024501145674486188
2011-08-29,0.007747785674305681
2011-08-30,0.010897603827228819
2011-08-31,-0.0004144435038711581
2011-09-01,-0.015477389508241575
2011-09-02,-0.017720264342138137
2011-09-06,0.022619819745829016
2011-09-07,0.0030578786193507504
2011-09-08,-0.0058710344366040895
2011-09-09,-0.020125631994875524
2011-09-12,0.017055214997589538
2011-09-13,0.008519073716893744
2011-09-14,0.012964560639326078
2011-09-15,0.005104799054797995
2011-09-16,-0.0052837047536330815
2011-09-19,0.011450781031740086
2011-09-20,0.00036826587001845333
2011-09-21,-0.03969969707383116
2011-09-22,-0.007919996484679243
2011-09-23,0.016469030797064178
2011-09-26,0.020249129953589934
2011-09-27,-0.001879234582317191
2011-09-28,-0.004795423537894436
2011-09-29,-0.022744609402251474
2011-09-30,-0.012967271607015225
2011-10-03,-0.023242568892947846
2011-10-04,0.01776444803650011
2011-10-05,0.0141084405951413
2011-10-06,0.014179785356778649
2011-10-07,0.008338213564746913
2011-10-10,0.009014681848244955
2011-10-11,0.00891696777028649
2011-10-12,-0.004404685249310789
2011-10-13,0.01311080835726217
2011-10-14,-0.0008157655983972759
2011-10-17,-0.008211710426642612
2011-10-18,0.008588407836077616
2011-10-19,-0.006809084801661307
2011-10-20,0.007905846320817207
2011-10-21,0.006782744142979602
2011-10-24,0.004132697273690334
2011-10-25,-0.005687130866375871
2011-10-26,0.0138700427773682
2011-10-27,-0.0005734092968197
2011-10-28,-0.0032448220330234057
2011-10-31,-0.023918060598042717
2011-11-01,0.007286402677469664
2011-11-02,0.006280038052636863
2011-11-03,0.004151068578864938
2011-11-04,0.0002719374389200468
2011-11-07,0.011028919978640677
2011-11-08,-0.0111926901824574
2011-11-09,-0.0041565206612849
2011-11-10,0.0013989672152087012
2011-11-11,0.005027891944644187
2011-11-14,-0.005907063763756598
2011-11-15,0.003030674791249964
2011-11-16,-0.008399744379453986
2011-11-17,-0.01087654308892327
2011-11-18,-0.013562725787076433
2011-11-21,-0.006560600919107255
2011-11-22,-0.0053413276206344526
2011-11-23,-0.013154529408085237
2011-11-25,0.01797569283730769
2011-11-28,0.006073906827814512
2011-11-29,0.019439861777959908
2011-11-30,0.007397748495336939
2011-12-01,0.009425800655627092
2011-12-02,0.0019083240786239865
2011-12-05,-0.003323131011633469
2011-12-06,-0.002960279435402209
2011-12-07,-0.0019802783394282765
2011-12-08,-0.005665458804098125
2011-12-09,0.0019562948385645628
2011-12-12,0.0034818832293607247
2011-12-13,-0.013068509535971953
2011-12-14,-0.0017911723346624433
2011-12-15,0.0012903223533894306
2011-12-16,-0.0005807647317343264
2011-12-19,0.0010586623554676888
2011-12-20,0.007594269571082191
2011-12-21,0.0020801675498748023
2011-12-22,0.004373171507049709
2011-12-23,0.0054787602286300386
2011-12-27,0.004168492591206694
2011-12-28,-0.007173081579636181
2011-12-29,0.0036770130037602706
2011-12-30,0.01275414811185468
2012-01-03,-0.007436439108741274
2012-01-04,0.0010584067936812006
2012-01-05,0.0073864269326261835
2012-01-06,0.0017652606741837685
2012-01-09,0.005093520123280867
2012-01-10,-0.0056455743728831016
2012-01-11,0.003638734203961892
2012-01-12,-0.004447709884245397
2012-01-13,0.01033573378644312
2012-01-17,-0.0004886132602805308
2012-01-18,0.013385740787949844
2012-01-19,-0.003322261501188464
2012-01-20,0.0025198351055063717
2012-01-23,-0.00433877335464091
2012-01-24,0.012051958379940388
2012-01-25,0.013324929014183157
2012-01-26,-0.0131515321721704
2012-01-27,-0.007234069500761135
2012-01-30,0.017274702983352715
2012-01-31,0.003704922957278381
2012-02-01,0.0076065259203196775
2012-02-02,0.009663251622606258
2012-02-03,-0.00047810558296778217
2012-02-06,0.001228268748419771
2012-02-07,0.0060939884231495725
2012-02-08,0.007949239351668764
2012-02-09,-0.00822265942258996
2012-02-10,0.010751882396416217
2012-02-13,-0.0008451987483244888
2012-02-14,0.010145502753655304
2012-02-15,-0.014270129518254526
2012-02-16,0.01753407374729532
2012-02-17,-0.001130432465237188
2012-02-21,-0.003781397910971123
2012-02-22,-0.0005802731112309704
2012-02-23,0.008927420972767058
2012-02-24,-0.006242306654502599
2012-02-27,0.009358210213433683
2012-02-28,0.009268891624971983
2012-02-29,-0.003705711498147267
2012-03-01,0.0029823367225183988
2012-03-02,-0.00237521746432151
2012-03-05,-0.02363598978085455
2012-03-06,0.002827629020781969
2012-03-07,0.013065128147124103
2012-03-08,0.009951161503907225
2012-03-09,0.0026583752360927514
2012-03-12,0.0069386243720199504
2012-03-13,0.017919967798961826
2012-03-14,0.004902618476124569
2012-03-15,0.004707293557402172
2012-03-16,-0.002973740180393758
2012-03-19,-0.0008546426489494136
2012-03-20,0.007830857096144533
2012-03-21,-0.008738991451308065
2012-03-22,0.0035478828952493005
2012-03-23,0.008995338590029388
2012-03-26,0.013633436708341596
2012-03-27,-0.0012989578174793948
2012-03-28,-0.01496587699537306
2012-03-29,0.010544939854033446
2012-03-30,-0.0071497696204738115
2012-04-02,0.012556226657217243
2012-04-03,-0.012294406089462978
2012-04-04,-0.0105120057693472
2012-04-05,-0.008761682383160187
2012-04-09,0.004903913916290706
2012-04-10,-0.009370153240837977
2012-04-11,0.0013665202445513934
2012-04-12,0.009953282513840454
2012-04-13,-0.0077191829906000375
2012-04-16,-0.007447725334238484
2012-04-17,0.009250066251962789
2012-04-18,-0.0004222420056199487
2012-04-19,-0.0039811387513387884
2012-04-20,-0.01891469346095889
2012-04-23,0.0009918296035337664
2012-04-24,0.016245531908918354
2012-04-25,0.0051417150421251626
2012-04-26,0.014275388123864977
2012-04-27,-0.0018448542530184703
2012-04-30,-0.004352394592851892
2012-05-01,-0.0002993659639229264
2012-05-02,0.0068036260687423175
2012-05-03,-0.018127736324050937
2012-05-04,-0.019607876970903496
2012-05-07,-0.0001187584144551687
2012-05-08,-0.010620068404252718
2012-05-09,0.012905094705611603
2012-05-10,-0.014438944526015986
2012-05-11,-0.004718186465518744
2012-05-14,-0.0018264165267399706
2012-05-15,-0.0005756583766166009
2012-05-16,-0.01269850405151792
2012-05-17,-0.019639870540671144
2012-05-18,-0.013396883047589772
2012-05-21,0.025187954917852563
2012-05-22,-0.010574714134561219
2012-05-23,0.01369803954744848
2012-05-24,-0.005234317758552643
2012-05-25,0.007756104851590178
2012-05-29,-0.006206036103601143
2012-05-30,-0.003835489585106925
2012-05-31,-0.019532771873288536
2012-06-01,-0.00970373912082672
2012-06-04,-0.002727997588627463
2012-06-05,0.019406262796427272
2012-06-06,0.029494712247070284
2012-06-07,-0.017145431815395715
2012-06-08,0.02157731732315487
2012-06-11,-0.021434971506136307
2012-06-12,0.005296439186925953
2012-06-13,-0.002975401656646094
2012-06-14,0.010036783160515837
2012-06-15,0.003440965883688563
2012-06-18,0.015037428984072933
2012-06-19,0.007488054670641988
2012-06-20,-0.0009045831029603948
2012-06-21,-0.020678461755593996
2012-06-22,-0.005069818391817742
2012-06-25,-0.005532741503786484
2012-06-26,0.006270746068293056
2012-06-27,-0.005052701842494334
2012-06-28,0.019349850609440347
2012-06-29,0.010094491159405854
2012-07-02,0.0014310616236641082
2012-07-03,0.0036794098098898668
2012-07-05,-0.006446492545285187
2012-07-06,-0.005088149755678142
2012-07-09,0.004493944480720867
2012-07-10,-0.014798107819620508
2012-07-11,-0.009830905223636208
2012-07-12,0.0019419051383864465
2012-07-13,0.01269202966382306
2012-07-16,0.004576795400046315
2012-07-17,-0.002084920577052992
2012-07-18,0.01674165809021699
2012-07-19,-0.001350402296201586
2012-07-20,-0.027705950584197173
2012-07-23,0.008578775618562795
2012-07-24,-0.012484929057073109
2012-07-25,0.01542323513386628
2012-07-26,0.006742134106695717
2012-07-27,0.01670135434090265
2012-07-30,-0.0025250169860172767
2012-07-31,0.004408504151947834
2012-08-01,-0.017996971541103718
2012-08-02,0.01667198597588859
2012-08-03,0.009305007022042424
2012-08-06,0.0036853338558969053
2012-08-07,-0.002341750483622521
2012-08-08,0.0025475594318045826
2012-08-09,-0.001170139783503615
2012-08-10,0.0037182038289585765
2012-08-13,0.006210932614903614
2012-08-14,-0.003740470449576226
2012-08-15,0.004317537071310942
2012-08-16,0.008837826896659729
2012-08-17,8.798689282286335e-05
2012-08-20,0.005227329134289009
2012-08-21,-0.01163812864326438
2012-08-22,0.0007135987056345718
2012-08-23,-0.009957135879770842
2012-08-24,0.015661856811072912
2012-08-27,-0.0037626310460367597
2012-08-28,0.0005909700007060675
2012-08-29,-0.005835054477468443
2012-08-30,0.0017092651447333663
2012-08-31,-0.003936888508124043
2012-09-04,0.0021603887293817634
2012-09-05,0.006897805976844094
2012-09-06,0.018478073348713007
2012-09-07,-0.003377996468942656
2012-09-10,-0.010786662518324481
2012-09-11,0.002121310561738484
2012-09-12,-0.0005717850233896277
2012-09-13,0.02016121067450313
2012-09-14,0.002563493439204257
2012-09-17,-0.0005545324089586243
2012-09-18,0.004762849244651555
2012-09-19,-0.0023036988986020806
2012-09-20,0.010934953494991649
2012-09-21,-0.013572681674164675
2012-09-24,0.0070141485143615165
2012-09-25,-0.01899348370765613
2012-09-26,-0.004568143948770261
2012-09-27,0.0071629094976727835
2012-09-28,8.929944946055806e-06
2012-10-01,0.001384970857153556
2012-10-02,0.0020855646326832207
2012-10-03,0.006696083243772971
2012-10-04,0.007561437805881822
2012-10-05,-0.012312557122962187
2012-10-08,-0.0054202213945559324
2012-10-09,-0.011381396756910531
2012-10-10,0.0007035602675538274
2012-10-11,-0.006706405922603576
2012-10-12,-0.00018695128026719778
2012-10-15,0.00931644619754388
2012-10-16,0.007966758440336966
2012-10-17,0.0014145930293755248
2012-10-18,-0.0048891803625888885
2012-10-19,-0.020833650202934238
2012-10-22,-0.005688374704345204
2012-10-23,0.0002469090997856472
2012-10-24,-0.0002218116846203549
2012-10-25,-0.002943783515396755
2012-10-26,0.003345066482100876
2012-10-31,-0.0014097034543496699
2012-11-01,0.004979919940867606
2012-11-02,-0.012977637615428172
2012-11-05,0.0012735619189775532
2012-11-06,-0.006686865318771737
2012-11-07,-0.011865672065390843
2012-11-08,-0.013798652555763529
2012-11-09,0.00573999140122374
2012-11-12,-0.009647426808969526
2012-11-13,0.005491025536142686
2012-11-14,-0.014488731419374377
2012-11-15,-0.0026220404297758603
2012-11-16,0.015388318034662684
2012-11-19,0.00741065015214645
2012-11-20,0.0022582073260284177
2012-11-21,0.003168980907994408
2012-11-23,0.0036393154573869132
2012-11-26,0.004388488186190336
2012-11-27,-0.004486267795955075
2012-11-28,0.014848904891893406
2012-11-29,0.003651247392065108
2012-11-30,0.0055541713786100575
2012-12-03,-0.00920037101924908
2012-12-04,-5.668080115475867e-05
2012-12-05,-0.0019406138611352303
2012-12-06,0.01013734329319569
2012-12-07,-0.006039883806355022
2012-12-10,0.0103917231851024
2012-12-11,0.009310311052641143
2012-12-12,-0.0052296049559779935
2012-12-13,-0.013019709294739747
2012-12-14,0.002014343754573979
2012-12-17,0.01568617999669176
2012-12-18,0.014103365150224681
2012-12-19,-0.009249001081670682
2012-12-20,-0.011829320447804506
2012-12-21,0.00039746897578255697
2012-12-24,0.0021894122773306645
2012-12-26,-0.007435467294001737
2012-12-27,-0.010812636801214718
2012-12-28,-0.0071408663047158516
2012-12-31,0.050493628412046174
2013-01-02,0.004773423077549953
2013-01-03,-0.0005263797543849109
2013-01-04,0.0007191717081193837
2013-01-07,-0.0016252943392627336
2013-01-08,0.0010196838786704966
2013-01-09,0.006533358040161424
2013-01-10,0.0003557613071962105
2013-01-11,-0.0006709566318571331
2013-01-14,-0.004556260262219369
2013-01-15,0.005856899423326413
2013-01-16,0.006526176535593051
2013-01-17,0.0009217340733453952
2013-01-18,0.002027454579346324
2013-01-22,0.007334078003407147
2013-01-23,-0.0034242400653078397
2013-01-24,0.005802317294816317
2013-01-25,0.005292662857700865
2013-01-28,-0.0036566120480351263
2013-01-29,0.0059867115160606825
2013-01-30,-0.006842663359000358
2013-01-31,0.006030979044659154
2013-02-01,-0.002408587411014488
2013-02-04,-0.004926972360515956
2013-02-05,0.005862643846504749
2013-02-06,0.004321452712926774
2013-02-07,0.0016477712075913455
2013-02-08,0.0049148630388484126
2013-02-11,0.00017264831543494657
2013-02-12,0.005956654109728976
2013-02-13,-0.006681479465876265
2013-02-14,0.007146042776326933
2013-02-15,-0.00039833339462699136
2013-02-19,0.005769042532310427
2013-02-20,-0.022046807499905
2013-02-21,-0.0009237710430468505
2013-02-22,0.01170517520846223
2013-02-25,-0.023868493917733612
2013-02-26,0.0031261439636027415
2013-02-27,0.016065790742434038
2013-02-28,-0.007420387019098322
2013-03-01,0.007024023787759787
2013-03-04,0.01676727810402315
2013-03-05,0.011530989283857596
2013-03-06,-0.0022189446445409276
2013-03-07,0.0066895041297791715
2013-03-08,-0.0019577788121453664
2013-03-11,0.003838842255841238
2013-03-12,-7.559882396355479e-05
2013-03-13,0.00363879725164094
2013-03-14,-0.00031154917028341106
2013-03-15,-0.013587291189099682
2013-03-18,0.00931045518345508
2013-03-19,-9.259750081448367e-05
2013-03-20,-0.006006023705987046
2013-03-21,0.0014448524177556746
2013-03-22,0.010367971341980956
2013-03-25,-0.004004063946989501
2013-03-26,-0.0032981220631435925
2013-03-27,0.009478988872045126
2013-03-28,0.004899367267051242
2013-04-01,-0.002100691468606078
2013-04-02,0.004384238519481777
2013-04-03,-0.01369251525690174
2013-04-04,-0.01590141602257255
2013-04-05,0.011253559363897148
2013-04-08,0.011185565540059807
2013-04-09,0.008397496237204954
2013-04-10,0.017216681001703572
2013-04-11,-0.0008562653277179717
2013-04-12,-0.0022067269038703137
2013-04-15,-0.014046184773615678
2013-04-16,-0.002159308669892829
2013-04-17,-0.007442958450459057
2013-04-18,-0.011662364247374938
2013-04-19,0.014168211462028653
2013-04-22,0.008914327665874498
2013-04-23,0.0050399750785880895
2013-04-24,0.0035389680950446275
2013-04-25,-0.0006872523499962359
2013-04-26,0.0027528495706626676
2013-04-29,0.003448015891862174
2013-04-30,-0.0013176221085468352
2013-05-01,-0.0023199771780745473
2013-05-02,0.018649402812125272
2013-05-03,0.002862419774892394
2013-05-06,0.0039495247390158895
2013-05-07,0.000648837409645057
2013-05-08,0.004508752884147633
2013-05-09,0.00076849472591431
2013-05-10,0.004251520394550013
2013-05-13,0.005332600914601044
2013-05-14,0.008545086067816326
2013-05-15,0.005728278672464494
2013-05-16,-0.00072631993482877
2013-05-17,0.0055401083018815425
2013-05-20,0.0004695292720066532
2013-05-21,0.005919243074873928
2013-05-22,-0.026543574015442578
2013-05-23,0.00209713455361949
2013-05-24,0.022131670333616217
2013-05-28,-0.010586705631633116
2013-05-29,-0.0012038402706691625
2013-05-30,0.0016138417585260857
2013-05-31,-0.009953663782807516
2013-06-03,0.0027058254490357767
2013-06-04,-0.013532184499381834
2013-06-05,-0.014518740972578815
2013-06-06,0.017556333545617003
2013-06-07,0.01690162668472123
2013-06-10,-0.01704765930310087
2013-06-11,0.00738135452998127
2013-06-12,-0.02344229120162329
2013-06-13,0.019733740642135282
2013-06-14,0.0017811254286457976
2013-06-17,0.002004436737904329
2013-06-18,0.009459164024663057
2013-06-19,-0.026924250610560023
2013-06-20,-0.011932980386998332
2013-06-21,-0.015382833273032765
2013-06-24,0.008741434238289075
2013-06-25,0.009112344605234227
2013-06-26,0.009375082055272922
2013-06-27,-0.0016264371306670264
2013-06-28,0.007511007581937113
2013-07-01,-0.0015432837196260093
2013-07-02,-0.004185165487411682
2013-07-03,0.015182052831717485
2013-07-05,0.010702098138798966
2013-07-08,0.004325885248515533
2013-07-09,-0.0009637352690900836
2013-07-10,0.017506411974817105
2013-07-11,0.005754464005054614
2013-07-12,0.008207348393732272
2013-07-15,-0.0006014780513447357
2013-07-16,-0.001543309784855341
2013-07-17,0.0012134465131724234
2013-07-18,-0.0032599737042271443
2013-07-19,0.004601596347706058
2013-07-22,0.004095032532854433
2013-07-23,-0.00030892324621846707
2013-07-24,-0.007135147550927253
2013-07-25,-0.001556819859594303
2013-07-26,0.008291253717072712
2013-07-29,0.0035435818811033995
2013-07-30,0.00029452881117058476
2013-07-31,0.00996539476795634
2013-08-01,0.004124717805043119
2013-08-02,0.0058570938200724525
2013-08-05,-0.0016267519264585657
2013-08-06,-0.010774503366739855
2013-08-07,0.007131099706432345
2013-08-08,-0.0034972057059671486
2013-08-09,-0.007917246345708603
2013-08-12,0.007293739189975461
2013-08-13,0.001694214470007336
2013-08-14,-0.01898374322052657
2013-08-15,-0.011184261474484064
2013-08-16,-0.001488932970027266
2013-08-19,-0.001285266026739786
2013-08-20,0.0009444664696827783
2013-08-21,0.0024175173280873816
2013-08-22,0.014345043469786073
2013-08-23,0.001211258783420469
2013-08-26,-0.018045118290985686
2013-08-27,-0.013633041767248822
2013-08-28,0.004771091232110048
2013-08-29,0.00936059068465522
2013-08-30,0.0034705650217798987
2013-09-03,-0.002007685636296786
2013-09-04,0.012473427774903768
2013-09-05,0.005231386185886273
2013-09-06,0.0002500309986498365
2013-09-09,0.015112102718927689
2013-09-10,-0.002242758995327555
2013-09-11,0.00540611078224149
2013-09-12,-0.0005954296021790656
2013-09-13,0.01231426699370619
2013-09-16,-0.007653145816758569
2013-09-17,0.005523011419169308
2013-09-18,0.017712478973314728
2013-09-19,-0.0016036961313945898
2013-09-20,-0.006883611107576265
2013-09-23,-0.006685785255776884
2013-09-24,-0.0021871395895065085
2013-09-25,-0.0023641353482551706
2013-09-26,-0.0023025824939157703
2013-09-27,-0.008141145584703286
2013-09-30,0.009989112803076265
2013-10-01,0.0030698302651192624
2013-10-02,0.005477754013265702
2013-10-03,-0.012426742471064199
2013-10-04,-0.001203933670477489
2013-10-07,0.00047807180630705763
2013-10-08,-0.020605786727649896
2013-10-09,0.00874393561163728
2013-10-10,0.011322478476450917
2013-10-11,0.0028821699628083
2013-10-14,0.011397960634071013
2013-10-15,0.0005842330658792683
2013-10-16,0.0011540537589629003
2013-10-17,0.021988193534832105
2013-10-18,0.0064699247576755605
2013-10-21,0.004704830279278548
2013-10-22,-0.0023737983641047354
2013-10-23,0.0006671965446789018
2013-10-24,0.011577834960819749
2013-10-25,-0.0007222222689067762
2013-10-28,0.001899013348791623
2013-10-29,0.0031812481585908286
2013-10-30,-0.008129644048920437
2013-10-31,0.004135524195370736
2013-11-01,0.002765086092859618
2013-11-04,-0.004541903382792528
2013-11-05,0.008655844590854722
2013-11-06,-0.003844426890022917
2013-11-07,-0.020822604248901297
2013-11-08,0.01433881153937093
2013-11-11,-0.003058458336769849
2013-11-12,-0.0024617586074382088
2013-11-13,0.019230276459901146
2013-11-14,0.008372716056172158
2013-11-15,0.004016578798907628
2013-11-18,-0.011512695547338886
2013-11-19,0.00020332012887969533
2013-11-20,-0.0013059666574410612
2013-11-21,0.00894546142035976
2013-11-22,0.011291100631468872
2013-11-25,-0.002292198173009998
2013-11-26,0.007680613791586989
2013-11-27,0.006874819246397584
2013-11-29,-0.0007884850739920497
2013-12-02,-0.005947199257968218
2013-12-03,-0.009836422322278566
2013-12-04,0.003566742092647344
2013-12-05,0.011363786540985021
2013-12-06,0.0041350992338448165
2013-12-09,-0.0020751987468937863
2013-12-10,0.00023578229030729635
2013-12-11,-0.018751463309798662
2013-12-12,0.001298477303653697
2013-12-13,0.0014703271309497476
2013-12-16,0.0030209036059050923
2013-12-17,-0.0022001309854113834
2013-12-18,0.016156264311030538
2013-12-19,0.0026010876208949233
2013-12-20,0.017089995404069285
2013-12-23,0.0009046364622461508
2013-12-24,0.0042149165048106715
2013-12-26,0.007023927375204254
2013-12-27,-0.006502989261763212
2013-12-30,0.003235566862767261
2013-12-31,-0.0015198075568804501
2014-01-02,-0.004241387290595857
2014-01-03,-0.004676977929028982
2014-01-06,-0.0019795425463241313
2014-01-07,0.002749902786063343
2014-01-08,0.005790251602738824
2014-01-09,-0.003796423728018883
2014-01-10,-0.0013340766461926795
2014-01-13,-0.012809962191412186
2014-01-14,0.01850651733914824
2014-01-15,0.002907374587074577
2014-01-16,-0.0019612275915214497
2014-01-17,0.004353388757246404
2014-01-21,0.0004831153842730471
2014-01-22,-0.006234064345137562
2014-01-23,-0.012341674158097246
2014-01-24,-0.019556457027381388
2014-01-27,-0.007875283061055307
2014-01-28,-0.006198962152120959
2014-01-29,0.010630990589475118
2014-01-30,-0.010128366728229721
2014-01-31,0.006210727035302417
2014-02-03,-0.019542034303928486
2014-02-04,2.202033051882182e-05
2014-02-05,0.003449127166598024
2014-02-06,0.014177590384658184
2014-02-07,0.01294656797246723
2014-02-10,0.005171156369911646
2014-02-11,0.01190866523379235
2014-02-12,-0.00615064421358966
2014-02-13,0.012438292309899061
2014-02-14,0.0067124197443481776
2014-02-18,-8.09280043795388e-05
2014-02-19,-0.004062570818244853
2014-02-20,0.00836260429384942
2014-02-21,-0.0023242288113309675
2014-02-24,0.004361750485738361
2014-02-25,-0.0003579402472999029
2014-02-26,-0.0027804438983248907
2014-02-27,0.007628686363246503
2014-02-28,-0.012477988272532985
2014-03-03,0.01764236453425943
2014-03-04,0.005976427259594018
2014-03-05,0.004680656508683129
2014-03-06,0.0007974240246489074
2014-03-07,-0.011405750548798305
2014-03-10,0.00524031842989135
2014-03-11,-0.016494025047391746
2014-03-12,0.013572028575517519
2014-03-13,-0.026039274023671316
2014-03-14,0.004205378688743086
2014-03-17,0.006649256233833807
2014-03-18,0.011651613669507802
2014-03-19,-0.011779834396915649
2014-03-20,0.015076480833887185
2014-03-21,-0.0147080379953939
2014-03-24,-0.009006066709358121
2014-03-25,0.007284933062373134
2014-03-26,-0.02022728999185
2014-03-27,-0.0008680730831582846
2014-03-28,0.008996633239334154
2014-03-31,0.00802218586678006
2014-04-01,0.014230480577637605
2014-04-02,0.002195493174962215
2014-04-03,-0.00031622110504931017
2014-04-04,-0.03744148217959621
2014-04-07,-0.004371667961197116
2014-04-08,0.0074921239950573705
2014-04-09,0.01437141950985774
2014-04-10,-0.03549771326958723
2014-04-11,0.003104422811664508
2014-04-14,0.0025204714931635406
2014-04-15,0.010511939431640867
2014-04-16,0.0013430324998653842
2014-04-17,0.004549813005298277
2014-04-21,0.007451122322210437
2014-04-22,0.0037518572190367327
2014-04-23,0.004321711462883057
2014-04-24,-0.011036018890869418
2014-04-25,-0.0024810372348019936
2014-04-28,0.0008044047700650444
2014-04-29,0.0017563042943877537
2014-04-30,0.006720744155604332
2014-05-01,0.000887580443479315
2014-05-02,-0.010533564414542425
2014-05-05,0.007854386544737805
2014-05-06,-0.006398614362059496
2014-05-07,0.0011879116005904067
2014-05-08,-0.002820569967366484
2014-05-09,0.005203709146989909
2014-05-12,0.009218258999999677
2014-05-13,-0.001602882100540395
2014-05-14,-0.003806927471289366
2014-05-15,-0.006541081525192255
2014-05-16,0.0016019492552305497
2014-05-19,0.005351485176934575
2014-05-20,-0.003042495281354264
2014-05-21,0.007838252320803946
2014-05-22,0.00522503170487296
2014-05-23,0.011294804966333628
2014-05-27,0.005824716032128655
2014-05-28,0.001969997955968429
2014-05-29,0.0029226323444611945
2014-05-30,0.0031005394227595646
2014-06-02,-0.004815844507812162
2014-06-03,0.0007594852505062827
2014-06-04,0.00719094939836807
2014-06-05,0.012601621347969067
2014-06-06,0.0005029553466020982
2014-06-09,-0.0031100478870824564
2014-06-10,-0.0015788456109941187
2014-06-11,-0.0023748609240211507
2014-06-12,-0.0032463038198769978
2014-06-13,-0.0005740038098157878
2014-06-16,0.0009270924902017382
2014-06-17,0.004811711406332016
2014-06-18,0.012810586383459666
2014-06-19,-0.00017018744430431082
2014-06-20,-0.00012190417840276732
2014-06-23,-0.0007775272841079138
2014-06-24,-0.00478730418831062
2014-06-25,0.010811706557017686
2014-06-26,-0.003171316614289193
2014-06-27,0.007155398293497971
2014-06-30,0.007057059675709978
2014-07-01,0.0041266969383202635
2014-07-02,0.0005812038130696864
2014-07-03,-0.0002111048502024431
2014-07-07,-0.0042055301635704895
2014-07-08,-0.004762766150602845
2014-07-09,-0.00900323869018844
2014-07-10,0.011853837391813575
2014-07-11,0.006037136006223294
2014-07-14,-0.0013087265429269274
2014-07-15,0.002648279097589615
2014-07-16,-0.0033189302952295456
2014-07-17,-0.009936832353791392
2014-07-18,0.009243637928862312
2014-07-21,0.0067174673738270695
2014-07-22,0.006004230296517748
2014-07-23,0.004570070140131262
2014-07-24,-0.006369786431021734
2014-07-25,-0.002081537368767719
2014-07-28,0.005016370404690708
2014-07-29,-0.0006351026728857671
2014-07-30,-0.016459809133669658
2014-07-31,-0.01903369471661932
2014-08-01,0.00017030630803482224
2014-08-04,0.002860245754719511
2014-08-05,-0.012659577179589668
2014-08-06,0.0125747386505484
2014-08-07,-0.00962573974289661
2014-08-08,0.014690881867192182
2014-08-11,-0.00231654324388429
2014-08-12,0.004787670539095459
2014-08-13,0.006418059327358287
2014-08-14,0.0049315804583371725
2014-08-15,0.006191377352440044
2014-08-18,0.00601973815674507
2014-08-19,0.002865750282053636
2014-08-20,0.003117127347320205
2014-08-21,0.0012859151379401982
2014-08-22,0.004400684519564908
2014-08-25,0.001365744791222051
2014-08-26,0.0008490831600968235
2014-08-27,-0.0052031791795917005
2014-08-28,0.005918239166566407
2014-08-29,0.003936009859986366
2014-09-02,-0.0001046136070492927
2014-09-03,-0.006023132211306554
2014-09-04,-0.0032779392823895177
2014-09-05,0.005832362968425309
2014-09-08,-0.0027958653298465223
2014-09-09,-0.009997033919008812
2014-09-10,0.00026848893982286395
2014-09-11,0.004208632919490317
2014-09-12,-0.007177762048969609
2014-09-15,-0.011206902633644045
2014-09-16,0.017462663419636284
2014-09-17,0.0026265561306536215
2014-09-18,0.005408902314344008
2014-09-19,-0.006723281069377038
2014-09-22,-0.013742647951744014
2014-09-23,0.0004941445545536801
2014-09-24,0.004492665625950523
2014-09-25,-0.01858276228635184
2014-09-26,-0.001351935434415577
2014-09-29,0.012681855383055466
2014-09-30,-0.004331906389907039
2014-10-01,-0.014338679009058018
2014-10-02,0.007500749794546957
2014-10-03,0.010659681075370889
2014-10-06,-0.010495768471733344
2014-10-07,-0.009413875048888647
2014-10-08,0.0193757447741729
2014-10-09,-0.019979827025400982
2014-10-10,-0.013038280796815042
2014-10-13,-0.009519449385299996
2014-10-14,-0.02036182354546144
2014-10-15,-0.012484114614640735
2014-10-16,0.022335486024337565
2014-10-17,8.874307204049949e-05
2014-10-20,0.022305730201613937
2014-10-21,0.014955402664127936
2014-10-22,0.002077929721956505
2014-10-23,0.006466821421459144
2014-10-24,0.004570985718507479
2014-10-27,0.007911801031407447
2014-10-28,0.004031115082655253
2014-10-29,-0.0018919572988010057
2014-10-30,0.021547307310586773
2014-10-31,-0.0018404862929929202
2014-11-03,-0.0011185250998775472
2014-11-04,0.008493232147776456
2014-11-05,-0.005806347267034953
2014-11-06,0.0039014995536133645
2014-11-07,-0.00253573838952812
2014-11-10,0.005673391812693228
2014-11-11,-0.0032634196263875686
2014-11-12,0.007217948035985768
2014-11-13,0.00099030891240409
2014-11-14,-0.001871193699522205
2014-11-17,0.0022860821157403423
2014-11-18,0.007710463996002502
2014-11-19,-0.010890397409889688
2014-11-20,0.02220553848902064
2014-11-21,-0.004995358353709498
2014-11-24,0.007731194643130381
2014-11-25,0.000492470237937582
2014-11-26,0.009577674229608327
2014-11-28,-0.001270621870265831
2014-12-01,-0.007177454076868988
2014-12-02,0.006793493608360844
2014-12-03,-0.002369424949804906
2014-12-04,0.0017104096300150117
2014-12-05,-0.00225889458460059
2014-12-08,-0.01968085825330634
2014-12-09,0.01479968093938606
2014-12-10,-0.014634187999340083
2014-12-11,-0.008399798854330422
2014-12-12,0.0012808923730915267
2014-12-15,-0.02688788097576234
2014-12-16,-0.007462195165162325
2014-12-17,0.038442871818704656
2014-12-18,0.014685874946128358
2014-12-19,-0.0009532382899341201
2014-12-22,0.008288318400451387
2014-12-23,-0.006540882291411674
2014-12-24,0.002444019865257503
2014-12-26,0.0015427506930210577
2014-12-29,-0.0017043880031302645
2014-12-30,-0.001233352982074571
2014-12-31,-0.009587974895750377
2015-01-02,-0.008882511990213903
2015-01-05,-0.006369649345167842
2015-01-06,-0.0026217746262568982
2015-01-07,0.018013033470906326
2015-01-08,0.009678579545604991
2015-01-09,-0.0070670384686546545
2015-01-12,0.0006067937621219606
2015-01-13,-0.016361442120944873
2015-01-14,0.010773825373064538
2015-01-15,-0.011388350230796714
2015-01-16,0.018253482664505556
2015-01-20,-0.0017072649383292424
2015-01-21,0.012735488849531492
2015-01-22,0.007919117502792337
2015-01-23,-0.0018952421790579905
2015-01-26,-0.0106954707672747
2015-01-27,0.0047213322284545755
2015-01-28,-0.016999215301371783
2015-01-29,0.007526937342646044
2015-01-30,-0.01059478455499927
2015-02-02,0.009798394318328336
2015-02-03,-0.0007279269449480937
2015-02-04,0.0032428360524328773
2015-02-05,0.005783241437312481
2015-02-06,-0.016984263895313656
2015-02-09,0.0020434436591713345
2015-02-10,0.011320822229161125
2015-02-11,0.002942030659463104
2015-02-12,0.0014959372886738176
2015-02-13,-0.0009216552304667685
2015-02-17,0.0018074107663434997
2015-02-18,0.006528623613743282
2015-02-19,-0.00034522526360317553
2015-02-20,0.006725663490002268
2015-02-23,0.00361184190171848
2015-02-24,0.0011236419501577354
2015-02-25,-0.002933513722647803
2015-02-26,0.0008251209141778488
2015-02-27,-0.0010388373102361772
2015-03-02,0.0061349282514363505
2015-03-03,-0.007559039692266291
2015-03-04,0.0025438161986006927
2015-03-05,-0.004671963190826343
2015-03-06,-0.011825622708776528
2015-03-09,-0.0072725032163323084
2015-03-10,-0.009365531114858005
2015-03-11,-0.006790424353407147
2015-03-12,0.010489226578630344
2015-03-13,0.000721277627872304
2015-03-16,0.00789811653959055
2015-03-17,-0.0007976875479867372
2015-03-18,0.015864537322412473
2015-03-19,0.011159138458723246
2015-03-20,-0.0012988374683539337
2015-03-23,0.00016395801326574177
2015-03-24,-0.0034472627078361087
2015-03-25,-0.034048493317288424
2015-03-26,0.0034181837561967307
2015-03-27,0.01183324982897537
2015-03-30,0.002890038378383402
2015-03-31,-0.009069208807959524
2015-04-01,-0.00437431214716078
2015-04-02,-0.00198709872698113
2015-04-06,0.013463809835820913
2015-04-07,-0.0018724094480026823
2015-04-08,0.00667473655524043
2015-04-09,0.0069179197659729255
2015-04-10,0.004180087693108167
2015-04-13,-0.005941261890617496
2015-04-14,0.003978605812171466
2015-04-15,-0.0005624713628169899
2015-04-16,-0.008238754396656413
2015-04-17,-0.0018904671031568505
2015-04-20,0.013021510010961013
2015-04-21,0.001592756857103965
2015-04-22,-0.002664162319017008
2015-04-23,0.01415621096982269
2015-04-24,0.00584204806140981
2015-04-27,-0.0113086032663866
2015-04-28,-0.007957520411922957
2015-04-29,-0.008596380416647304
2015-04-30,-0.0044730101514461615
2015-05-01,0.014640374774744325
2015-05-04,-0.004282180169366698
2015-05-05,-0.01191713091150556
2015-05-06,-0.009846680880935363
2015-05-07,0.018524455017624435
2015-05-08,0.004099521058264328
2015-05-11,-0.011223330381900341
2015-05-12,0.005429297659962308
2015-05-13,0.00447587277939194
2015-05-14,0.009080810704362912
2015-05-15,-0.00231503741480673
2015-05-18,0.00856297445540881
2015-05-19,-0.0009281784948472829
2015-05-20,-0.0021522957659229373
2015-05-21,0.004535697494384139
2015-05-22,-0.0024556133735450817
2015-05-26,-0.0069582449665818984
2015-05-27,0.010957648324614551
2015-05-28,-0.0010433944645218518
2015-05-29,4.457645182015264e-06
2015-06-01,-0.005508139300493917
2015-06-02,0.005006549302252779
2015-06-03,-0.005462025217608869
2015-06-04,-0.005749168944551689
2015-06-05,-0.0015107722799468934
2015-06-08,-0.011792432112655182
2015-06-09,0.0032817832517197266
2015-06-10,0.01802773531406191
2015-06-11,-0.008284294718995448
2015-06-12,-0.012467608924538378
2015-06-15,0.002564017418643202
2015-06-16,0.010128397306213996
2015-06-17,0.0036936292525206757
2015-06-18,0.014411660667511893
2015-06-19,0.0027093898372427777
2015-06-22,0.0020284703785333827
2015-06-23,-0.0021268617258681805
2015-06-24,-0.0011355186846769738
2015-06-25,-0.004503394639373764
2015-06-26,-0.019709778615360593
2015-06-29,-0.006131899693046513
2015-06-30,0.004817486133340286
2015-07-01,0.0024969745260324332
2015-07-02,-0.012425306683594834
2015-07-06,0.007255866994564616
2015-07-07,-0.005896843672345182
2015-07-08,0.002170836730023893
2015-07-09,0.001625186341696205
2015-07-10,0.011800784633658674
2015-07-13,0.009269125336395925
2015-07-14,0.006432041660755141
2015-07-15,0.006701179856880681
2015-07-16,0.009171814548037623
2015-07-17,0.006380510713191093
2015-07-20,0.0003507077655511822
2015-07-21,-0.014789090830633848
2015-07-22,0.006559041704028648
2015-07-23,-0.0006055799790179625
2015-07-24,-0.02146229944038041
2015-07-27,0.0015613643956173397
2015-07-28,0.010250638554230583
2015-07-29,0.00012002445126120385
2015-07-30,0.009291548266838645
2015-07-31,-0.0025684040364067203
2015-08-03,-0.0013936644949211418
2015-08-04,0.004030376741417396
2015-08-05,-0.00012862537106482497
2015-08-06,-0.020098220264504495
2015-08-07,0.007340813299170853
2015-08-10,-0.003309730390412865
2015-08-11,-0.012858802696286087
2015-08-12,0.007890079571904601
2015-08-13,-0.0027472339744233553
2015-08-14,0.0017566924038887087
2015-08-17,0.012712623953674961
2015-08-18,-0.006595363343795537
2015-08-19,-0.014400569162503108
2015-08-20,-0.03690999652902417
2015-08-21,-0.1041378092575922
2015-08-24,0.06175452023059001
2015-08-25,-0.013067946979136045
2015-08-26,0.02911115269323264
2015-08-27,0.004136623562838164
2015-08-28,-0.0029119573577053325
2015-08-31,-0.025979823328501326
2015-09-01,0.005415562989140416
2015-09-02,0.0060608525686974175
2015-09-03,-0.014214228656873173
2015-09-04,0.014424325953482236
2015-09-08,0.01472615321047199
2015-09-09,-0.01852816181783858
2015-09-10,0.0028266729485117107
2015-09-11,0.009701373503970845
2015-09-14,-0.0014699649636798675
2015-09-15,0.007969877080194398
2015-09-16,0.004187410577426684
2015-09-17,-0.003058003456470566
2015-09-18,0.0021557836540576146
2015-09-21,-0.012442779603404928
2015-09-22,0.0006612925439655454
2015-09-23,-0.006359382682445472
2015-09-24,0.010672443135939751
2015-09-25,-0.01799438827096566
2015-09-28,-0.018873063053038302
2015-09-29,0.008913552842255677
2015-09-30,0.011435388526780341
2015-10-01,-0.00830890219633865
2015-10-02,0.02992031507324552
2015-10-05,0.005691759624833866
2015-10-06,0.0002796622089329781
2015-10-07,-0.002790033518042945
2015-10-08,0.012591480017782939
2015-10-09,0.0027966009158709977
2015-10-12,-0.0010599727537584044
2015-10-13,-0.001328516652981272
2015-10-14,-0.0009857010899799899
2015-10-15,0.010992767367287833
2015-10-16,0.0025648436335637616
2015-10-19,0.004052210171687297
2015-10-20,0.0027161364423905904
2015-10-21,-9.785957894167428e-05
2015-10-22,0.026522917849418105
2015-10-23,-0.005585623024316703
2015-10-26,-0.002063962119567252
2015-10-27,0.0037415933385010567
2015-10-28,-0.0025559495329733643
2015-10-29,0.0026982904239547883
2015-10-30,-0.0013990748567346294
2015-11-02,0.004128416483160078
2015-11-03,0.008793352898480352
2015-11-04,-0.004052398948456438
2015-11-05,-0.0049491116844184
2015-11-06,-0.0029860673799154405
2015-11-09,-0.011918583711500941
2015-11-10,0.006164271358643911
2015-11-11,-0.009106720094501822
2015-11-12,-0.011474349027360189
2015-11-13,-0.019172827697725082
2015-11-16,0.021086439242994803
2015-11-17,0.0018149469217950708
2015-11-18,0.014932908951607243
2015-11-19,0.006730194658811723
2015-11-20,0.000796540768369598
2015-11-23,-0.008360147879040141
2015-11-24,0.008290226999140034
2015-11-25,0.0015736615995217986
2015-11-27,0.0025717594695265043
2015-11-30,-0.0032526862449850247
2015-12-01,0.007689187170431608
2015-12-02,-0.004886202105551896
2015-12-03,-0.01758617202214328
2015-12-04,0.023677612979852207
2015-12-07,-0.014023953210613865
2015-12-08,0.003953295576248237
2015-12-09,-0.007935619179515595
2015-12-10,-0.011243609360070163
2015-12-11,-0.009046554067339674
2015-12-14,0.01625412896729693
2015-12-15,0.003352470651280537
2015-12-16,0.013196018728194269
2015-12-17,-0.02111564246644565
2015-12-18,-0.008324610447809438
2015-12-21,0.006186297205719692
2015-12-22,0.008539035589854927
2015-12-23,0.0020179919999329856
2015-12-24,-0.0033438525197115325
2015-12-28,0.009160687782665801
2015-12-29,0.00658176640761628
2015-12-30,-0.010693196960463756
2015-12-31,-0.026953928000488184
2016-01-04,0.004893821928315709
2016-01-05,-0.014305363518762174
2016-01-06,-0.011773151545893996
2016-01-07,0.0006316525106767556
2016-01-08,-0.0067874722864680066
2016-01-11,0.007070958818638822
2016-01-12,0.0040121121037724645
2016-01-13,-0.024014652338391458
2016-01-14,-0.01153173741040302
2016-01-15,0.012079521977874742
2016-01-19,-0.01488256996946567
2016-01-20,0.005383777568632948
2016-01-21,0.012662098637728682
2016-01-22,0.0024575783670140543
2016-01-25,-0.0017097315493731819
2016-01-26,0.0012159361205209232
2016-01-27,0.00024883611771768033
2016-01-28,0.007909933228059973
2016-01-29,0.012503163053763571
2016-02-01,0.0034648176166552527
2016-02-02,-0.0028389681577457512
2016-02-03,-0.006343535379793246
2016-02-04,-0.0028640620763371355
2016-02-05,-0.02277578666789972
2016-02-08,-0.006422471191698301
2016-02-09,0.013824391915784807
2016-02-10,-0.013672243014825745
2016-02-11,0.00974633969114542
2016-02-12,0.01293667333230181
2016-02-16,0.008793677480592794
2016-02-17,0.008658200159916203
2016-02-18,-0.006183421931998783
2016-02-19,0.010526681829092248
2016-02-22,0.0003552488683345868
2016-02-23,-0.011393754186563066
2016-02-24,0.015534339426476819
2016-02-25,0.010339455589113398
2016-02-26,-0.013098418385527583
2016-02-29,0.003414965878664406
2016-03-01,0.009433576769599314
2016-03-02,0.0029279506621950253
2016-03-03,0.0013949292202764972
2016-03-04,0.0006056026794565962
2016-03-07,-0.0030370791529040634
2016-03-08,0.004035038095776569
2016-03-09,0.007946490231967925
2016-03-10,0.004562076917954907
2016-03-11,0.00040950357398910015
2016-03-14,0.0003260673813135354
2016-03-15,0.0016537300938438985
2016-03-16,0.010077198830309397
2016-03-17,0.007553338223939091
2016-03-18,-0.004569910770258805
2016-03-21,-0.00021593483338470994
2016-03-22,0.0027917905227982038
2016-03-23,-0.006853900809467373
2016-03-24,0.007589957219750562
2016-03-28,-0.00416581281385918
2016-03-29,0.022521114275706307
2016-03-30,-0.0010556396856890619
2016-03-31,-0.008340240435986595
2016-04-01,0.018856031563835397
2016-04-04,-0.01433053147630639
2016-04-05,-0.005208434979268093
2016-04-06,0.008019998627099975
2016-04-07,-0.0015455199874463495
2016-04-08,0.0007407857800065937
2016-04-11,-0.005874055484501012
2016-04-12,0.017016059538474355
2016-04-13,0.003197670375729462
2016-04-14,-0.00016338236998145699
2016-04-15,-0.003989107378509783
2016-04-18,0.011933508545311507
2016-04-19,-0.002110576760883894
2016-04-20,-0.0062008953109759435
2016-04-21,-0.014866033318722533
2016-04-22,-0.003138323307228064
2016-04-25,0.004805754801425489
2016-04-26,-0.010705857664356718
2016-04-27,0.004236582113023606
2016-04-28,-0.012417649666672363
2016-04-29,0.0007228785395180049
2016-05-02,0.00014002309997645344
2016-05-03,-0.007915485588336425
2016-05-04,0.005366272914554264
2016-05-05,-0.009227203568770246
2016-05-06,0.008491005081375702
2016-05-09,0.007084015998008611
2016-05-10,0.009310388654595946
2016-05-11,-0.0007654878857017576
2016-05-12,-0.006565970764591219
2016-05-13,-0.006242525305292334
2016-05-16,0.009715375864252845
2016-05-17,-0.018194324981048053
2016-05-18,-0.005762096202974198
2016-05-19,0.009101474485726334
2016-05-20,0.004768469655824044
2016-05-23,0.0026884439173420135
2016-05-24,0.017270639500986854
2016-05-25,0.0018011751586364006
2016-05-26,0.0008944181535049701
2016-05-27,0.005232665336010247
2016-05-31,-0.0036665688109989458
2016-06-01,0.003161556046831953
2016-06-02,0.007786551254150907
2016-06-03,0.0033767217191288607
2016-06-06,0.0025498460484726882
2016-06-07,-0.00025415331371284207
2016-06-08,-0.0009819031160637186
2016-06-09,-0.0038922562149703516
2016-06-10,-0.0036336109359772608
2016-06-13,-0.008690976530540385
2016-06-14,0.004523941509926957
2016-06-15,-0.009553613814404482
2016-06-16,0.007893764993510926
2016-06-17,0.006210268877741976
2016-06-20,-0.003786310910057513
2016-06-21,0.001598602269767383
2016-06-22,0.0043671755891527
2016-06-23,-0.02889545357323437
2016-06-24,-0.012062184305017853
2016-06-27,-0.00023005574714813736
2016-06-28,0.012227160154270278
2016-06-29,0.007770960925350649
2016-06-30,0.01607219687201545
2016-07-01,-0.003930230735217694
2016-07-05,-0.002232500976730191
2016-07-06,0.008566207734077982
2016-07-07,-0.005046979342252346
2016-07-08,0.0112190713297839
2016-07-11,0.003670261310400356
2016-07-12,0.0006518018361684194
2016-07-13,0.00042072416101238185
2016-07-14,0.0016940860916404927
2016-07-15,-0.0015335900577161748
2016-07-18,0.000262074880555574
2016-07-19,-0.0001220578808756353
2016-07-20,-0.0011146418203507105
2016-07-21,0.0001388530453240121
2016-07-22,0.0031703508532048776
2016-07-25,-0.004533248486234758
2016-07-26,0.00295095645776554
2016-07-27,-0.006803700139411115
2016-07-28,0.0006916991108943643
2016-07-29,0.0053796875801411115
2016-08-01,-0.003736311188375142
2016-08-02,-0.005810895221086526
2016-08-03,0.007307956618185375
2016-08-04,0.008621116647523472
2016-08-05,0.008775384674714046
2016-08-08,0.0014728755526949898
2016-08-09,-0.00011931423250936086
2016-08-10,-0.0006237706139509858
2016-08-11,0.002602515327624351
2016-08-12,0.0031852063942314833
2016-08-15,0.0031992475331575226
2016-08-16,-0.005508501119091121
2016-08-17,0.0037590287472149364
2016-08-18,0.0031300363851627833
2016-08-19,-0.001975330988983553
2016-08-22,0.0066344908964265144
2016-08-23,-0.002731983340672938
2016-08-24,-0.008510717804795067
2016-08-25,0.003563082555188414
2016-08-26,-0.004325086675336271
2016-08-29,0.00591302161294224
2016-08-30,-0.007240135902407472
2016-08-31,-0.003355645115917362
2016-09-01,0.01098382446087614
2016-09-02,0.0016671600676582744
2016-09-06,0.007223466215221724
2016-09-07,-0.0011037231639096819
2016-09-08,-0.012259580610761364
2016-09-09,-0.03200443439491144
2016-09-12,0.018910849236524432
2016-09-13,-0.008405798833263475
2016-09-14,0.0013507627358527688
2016-09-15,0.009941767490007688
2016-09-16,0.006086707656156454
2016-09-19,-0.0031043640634090992
2016-09-20,0.0007188699462855253
2016-09-21,0.01787670880677447
2016-09-22,-0.004087527624991096
2016-09-23,-0.009660327071372071
2016-09-26,-0.0075058047718134955
2016-09-27,0.011793514439247242
2016-09-28,0.008440510447083245
2016-09-29,-9.714052974833906e-05
2016-09-30,0.003870036237458021
2016-10-03,0.0016368429680506272
2016-10-04,-0.0045240625287311705
2016-10-05,0.002160329648181995
2016-10-06,0.0034800674609470014
2016-10-07,-0.002700127994875477
2016-10-10,0.0015716278004920935
2016-10-11,-0.015088973790371229
2016-10-12,-0.011136513675880609
2016-10-13,0.009775624944778639
2016-10-14,-0.005947599220670402
2016-10-17,0.011875640025581918
2016-10-18,-0.0027429190833804873
2016-10-19,0.0005411424511104228
2016-10-20,3.758004877855352e-05
2016-10-21,0.009300049117281354
2016-10-24,0.004045855965918396
2016-10-25,-0.014550915549769776
2016-10-26,0.008186861548575647
2016-10-27,-0.011838947498640263
2016-10-28,-0.0010716114575437619
2016-10-31,-0.0019305440786994855
2016-11-01,-0.015093777817249632
2016-11-02,-0.009485100335700752
2016-11-03,-0.009351646075140163
2016-11-04,0.01890746686606804
2016-11-07,0.007768452186954756
2016-11-08,0.004594131559967611
2016-11-09,0.025656955375535508
2016-11-10,-0.01723899640413186
2016-11-11,0.005321742273854356
2016-11-14,0.0016323446535065514
2016-11-15,0.005161545029004098
2016-11-16,0.007257113930390362
2016-11-17,0.006288699862403595
2016-11-18,0.0034069869025919316
2016-11-21,0.010471966753379514
2016-11-22,-0.003419757316366636
2016-11-23,0.0014838263150326195
2016-11-25,0.00010284789182877352
2016-11-28,-0.007604115122347571
2016-11-29,0.013746617331104743
2016-11-30,-0.001439161310227182
2016-12-01,-0.007800857771005113
2016-12-02,0.0062411532500957
2016-12-05,0.0018542439802428378
2016-12-06,0.0010136876080589557
2016-12-07,0.018706015886076836
2016-12-08,0.0038591536135292913
2016-12-09,0.004239354761423391
2016-12-12,-0.0008530203301848258
2016-12-13,0.002433835355132243
2016-12-14,-0.0054964079205357
2016-12-15,0.006399741791899119
2016-12-16,-0.005591090725710486
2016-12-19,0.006179876577533292
2016-12-20,0.001595830629498226
2016-12-21,-0.0021333899477374314
2016-12-22,-0.003176442294891836
2016-12-23,0.004688518918627401
2016-12-27,0.004302116984764715
2016-12-28,-0.014248306742245274
2016-12-29,-0.00048408784097279137
2016-12-30,0.001525619533793147
2017-01-03,0.0028512000446494126
2017-01-04,0.003741296118835348
2017-01-05,0.004402246665865465
2017-01-06,0.007762384907062838
2017-01-09,0.00010068412121481767
2017-01-10,0.0020958004335272663
2017-01-11,0.0005904488416492737
2017-01-12,0.0020807262025089343
2017-01-13,-0.002096844581231164
2017-01-17,-0.002373162453074195
2017-01-18,0.005983886397767922
2017-01-19,0.0007060873970427893
2017-01-20,-0.0026376029684852644
2017-01-23,0.002333108201883287
2017-01-24,0.01796746302712911
2017-01-25,0.00704744774677312
2017-01-26,0.002155203542353558
2017-01-27,-0.0068624199371969865
2017-01-30,-0.010183029354180476
2017-01-31,0.007954879796578324
2017-02-01,-0.007542683848668484
2017-02-02,0.007658814785527374
2017-02-03,0.0014271031060549715
2017-02-06,0.003315280235974294
2017-02-07,-0.004250317058981781
2017-02-08,0.002759205549947899
2017-02-09,0.013219861405010597
2017-02-10,0.0046069535529702915
2017-02-13,0.005434235822570488
2017-02-14,0.0052603062892285736
2017-02-15,0.006368996036016849
2017-02-16,-0.00835688228599389
2017-02-17,0.011403030608571934
2017-02-21,-0.001068725798885513
2017-02-22,0.0035938590219851117
2017-02-23,-0.015170589826118751
2017-02-24,0.0061088954500087556
2017-02-27,0.0037210241568027816
2017-02-28,0.010217938078861939
2017-03-01,0.008283467168412087
2017-03-02,-0.010849469555314139
2017-03-03,-0.0020521224641648467
2017-03-06,-6.271981850913041e-06
2017-03-07,0.002119407771172311
2017-03-08,-0.00156359161317994
2017-03-09,0.006558161814181373
2017-03-10,-0.0014769245704329588
2017-03-13,-0.001306620678994156
2017-03-14,0.0013407284632175206
2017-03-15,0.008942577876015944
2017-03-16,-0.0016435271032675613
2017-03-17,-0.004004532779359884
2017-03-20,0.004437832741563697
2017-03-21,-0.0298756601008041
2017-03-22,0.006713968320682266
2017-03-23,0.0025079990620502646
2017-03-24,-0.01605282707537291
2017-03-27,0.012057298364287315
2017-03-28,0.012586768054154594
2017-03-29,0.0025105866088751243
2017-03-30,0.003114143213652185
2017-03-31,0.0004866694341160271
2017-04-03,-0.006881040647858022
2017-04-04,0.009646568058109832
2017-04-05,-0.009183519588999036
2017-04-06,-0.0007179752057236724
2017-04-07,0.0017893167893175757
2017-04-10,-0.003563781688148515
2017-04-11,-0.0030132166639798025
2017-04-12,-0.009844052606240963
2017-04-13,-0.001704961985279257
2017-04-17,0.0044185276580782085
2017-04-18,0.007672182242076428
2017-04-19,0.0012028360955733035
2017-04-20,0.008361113680116262
2017-04-21,0.015606622758568032
2017-04-24,0.007034404907985603
2017-04-25,0.003964069843957556
2017-04-26,0.0008570191476568007
2017-04-27,0.0063069182480088365
2017-04-28,-0.00028016448513528357
2017-05-01,0.006579404841294769
2017-05-02,-0.0032081072276118846
2017-05-03,0.004084714866410736
2017-05-04,0.002250304007762493
2017-05-05,0.0018514299459098597
2017-05-08,0.0033139233777733723
2017-05-09,0.0010159201837941928
2017-05-10,-0.0032914046011209876
2017-05-11,0.0011551802769658927
2017-05-12,0.002305338816776924
2017-05-15,0.008333260535259835
2017-05-16,-0.012634170031883935
2017-05-17,-0.024336580023243598
2017-05-18,0.01473792254804474
2017-05-19,0.008432014718357844
2017-05-22,0.008407840444425054
2017-05-23,0.002729106650113695
2017-05-24,0.005458885366116295
2017-05-25,0.0042884029672898925
2017-05-26,0.0006773690088706917
2017-05-30,0.005083667508835436
2017-05-31,-0.0019775035058121762
2017-06-01,0.009928467052012
2017-06-02,0.005113931111963419
2017-06-05,-0.0009063701655093359
2017-06-06,-0.001370056121067211
2017-06-07,0.0032570306480749767
2017-06-08,-0.003159281310997042
2017-06-09,-0.029625256533266697
2017-06-12,0.00540773235713205
2017-06-13,0.007843046924525305
2017-06-14,-0.014698825388938795
2017-06-15,0.005137025115567317
2017-06-16,0.005459807192641719
2017-06-19,0.005232582123627393
2017-06-20,-0.004700001905488485
2017-06-21,0.003975332984828565
2017-06-22,-0.004145770053975157
2017-06-23,0.009082916727099894
2017-06-26,-0.011595556911468626
2017-06-27,-0.00859882256573579
2017-06-28,-0.00038238430538000247
2017-06-29,-0.008347981555122692
2017-06-30,0.0002634586496863099
2017-07-03,-0.005448437497783291
2017-07-05,-0.0014339079600091712
2017-07-06,-0.0006234525884310052
2017-07-07,0.006226599796838442
2017-07-10,0.003081887265678401
2017-07-11,0.009456113111755992
2017-07-12,0.004336002484077407
2017-07-13,0.003653368206856445
2017-07-14,0.004819519254056413
2017-07-17,-0.002868966807025744
2017-07-18,0.006741908041282074
2017-07-19,0.00598982515108332
2017-07-20,-0.0053941191342204015
2017-07-21,0.002427607291081447
2017-07-24,0.00211529929689607
2017-07-25,-0.0006395985202253753
2017-07-26,0.0037516789178510374
2017-07-27,-0.015991577579863976
2017-07-28,0.008660489766241689
2017-07-31,-0.0034105284140707993
2017-08-01,0.00439244574906009
2017-08-02,-0.0015705565084484958
2017-08-03,-0.0008443926966783495
2017-08-04,-0.0003198315946404442
2017-08-07,0.0029208430681902627
2017-08-08,-0.005838718467340541
2017-08-09,-0.0010712577296089995
2017-08-10,-0.012799085144456254
2017-08-11,0.012136353933010244
2017-08-14,0.006801429115195507
2017-08-15,0.0032607211380278572
2017-08-16,-0.0026956877505735955
2017-08-17,-0.017569907352812622
2017-08-18,0.0017912090372843368
2017-08-21,0.004510636168031186
2017-08-22,0.005399393705689384
2017-08-23,0.002820437676688206
2017-08-24,0.0009431598119848613
2017-08-25,-0.00021946999136530725
2017-08-28,-0.00599385558988901
2017-08-29,0.008959501534987951
2017-08-30,0.009490703263797601
2017-08-31,0.009091281042485437
2017-09-01,-0.005757663817085916
2017-09-05,-0.0005860662832960911
2017-09-06,0.00012110576455671453
2017-09-07,0.003144223678071005
2017-09-08,0.00419667789997015
2017-09-11,0.007984298657335846
2017-09-12,-0.005300409761181115
2017-09-13,-0.0038186708211924315
2017-09-14,0.0037053503092106476
2017-09-15,0.0017111844738474423
2017-09-18,-0.002352238605992519
2017-09-19,-0.0020653886429147167
2017-09-20,-0.004754813868530914
2017-09-21,-0.007308624539931561
2017-09-22,-0.0031264076034982725
2017-09-25,0.000588030766385095
2017-09-26,-0.0005927043165723726
2017-09-27,-0.0021843084450726947
2017-09-28,0.005641229562103653
2017-09-29,0.006900466656438118
2017-10-02,0.004213331295716307
2017-10-03,0.00011455949166226502
2017-10-04,0.005222433267934341
2017-10-05,0.0023198543528261005
2017-10-06,0.005365831676063211
2017-10-09,0.0007712099054261352
2017-10-10,-0.003629244886201503
2017-10-11,0.0019414183971161263
2017-10-12,0.0045589160131570775
2017-10-13,0.0008782878489580425
2017-10-16,-0.0004804072121457008
2017-10-17,0.005761592901058987
2017-10-18,-0.007192588795665574
2017-10-19,0.008763467334669778
2017-10-20,0.00393318472033299
2017-10-23,-0.005937049694550937
2017-10-24,-0.00348850920889225
2017-10-25,-0.003992886473924702
2017-10-26,0.008901749088725838
2017-10-27,0.006226587849719532
2017-10-30,0.004108456942410431
2017-10-31,0.003107952293495676
2017-11-01,-0.003954900174229205
2017-11-02,0.001952238968309755
2017-11-03,0.0015028401763384019
2017-11-06,0.0027313395328998477
2017-11-07,-0.0035704063358399625
2017-11-08,-0.005995115276784046
2017-11-09,-0.0008046122124372905
2017-11-10,-0.004272631693847348
2017-11-13,0.0024487229228065655
2017-11-14,-0.006576204316693964
2017-11-15,0.008081311103615972
2017-11-16,0.004036666974901873
2017-11-17,6.487258013115134e-05
2017-11-20,0.006101633839750104
2017-11-21,0.004686286487146309
2017-11-22,-0.00018713692517335445
2017-11-24,0.001162326936986401
2017-11-27,0.0008074714883840347
2017-11-28,0.010639231386849813
2017-11-29,-0.005766662030222286
2017-11-30,-0.00039760935910065963
2017-12-01,0.00987808097833397
2017-12-04,-0.014832012989171924
2017-12-05,-0.006787671304834765
2017-12-06,0.007759458136637289
2017-12-07,0.011405673403231566
2017-12-08,-0.0014087685077817762
2017-12-11,0.006404258119279338
2017-12-12,0.003486468754598157
2017-12-13,-0.00141488178280631
2017-12-14,-0.0021548103996314027
2017-12-15,0.016224470290508552
2017-12-18,0.0032685351124128515
2017-12-19,-8.963284569206696e-05
2017-12-20,-0.0035169857467138247
2017-12-21,-0.0014128391109356937
2017-12-22,-0.005014344283335392
2017-12-26,-0.0003220619544007905
2017-12-27,0.003583306289016359
2017-12-28,0.0018535793195532204
2017-12-29,-0.002687212556311019
2018-01-02,0.011716744485431583
2018-01-03,0.013601161800718058
2018-01-04,0.007413906713111684
2018-01-05,0.004414816415990321
2018-01-08,0.006141847130276079
2018-01-09,-0.005561366292744687
2018-01-10,0.005373393112738404
2018-01-11,0.007177466752182903
2018-01-12,0.014627804263134729
2018-01-16,-0.007571926557570616
2018-01-17,0.005336585014379246
2018-01-18,0.004894676981031415
2018-01-19,0.0006571091574550972
2018-01-22,0.011947664168409516
2018-01-23,0.008028575712291427
2018-01-24,0.0009191157270865046
2018-01-25,-0.001317298426041504
2018-01-26,0.007619447590295692
2018-01-29,-0.016301176881243884
2018-01-30,0.003912855454733133
2018-01-31,-0.007914747831991373
2018-02-01,-0.002420278705700098
2018-02-02,-0.035783512791595945
2018-02-05,-0.053257893084051135
2018-02-06,0.04202586320202284
2018-02-07,-0.003392870140518217
2018-02-08,-0.030074456486203174
2018-02-09,0.012357009159165811
2018-02-12,0.0002716581018846185
2018-02-13,0.004939061975761917
2018-02-14,0.02937731711839678
2018-02-15,0.0009650034644895038
2018-02-16,-0.0025033549254461895
2018-02-20,0.005260140609122772
2018-02-21,-0.0017220690968699662
2018-02-22,0.0008486954487340017
2018-02-23,0.014852084352784902
2018-02-26,0.007875320791973773
2018-02-27,-0.007736355587943326
2018-02-28,-0.011223544621364712
2018-03-01,-0.02324478776736096
2018-03-02,0.009794281456207067
2018-03-05,0.019289301962607832
2018-03-06,-0.00870366767784353
2018-03-07,0.011790589735611255
2018-03-08,0.008020245776545283
2018-03-09,0.013246795537236636
2018-03-12,0.00458200485861359
2018-03-13,-0.01126660838508724
2018-03-14,-0.006560394838108297
2018-03-15,-0.00034146981765629234
2018-03-16,-0.01097172649678851
2018-03-19,-0.010384220222622927
2018-03-20,0.0012004467574793563
2018-03-21,-0.015399488380244061
2018-03-22,-0.015246193290215093
2018-03-23,-0.00720166264926084
2018-03-26,0.02096158575060377
2018-03-27,-0.03316877101168213
2018-03-28,7.881053012969542e-05
2018-03-29,0.006620916352884316
2018-04-02,-0.012878402688750444
2018-04-03,-0.011918592961807969
2018-04-04,0.03769168849934998
2018-04-05,-0.010790676950376627
2018-04-06,-0.0053208717186649865
2018-04-09,0.01090682139752031
2018-04-10,-0.0023479663255211555
2018-04-11,0.005399607952636578
2018-04-12,0.010443466556594082
2018-04-13,-0.006400388598466176
2018-04-16,0.008348179799738217
2018-04-17,0.006069583079638679
2018-04-18,-0.003090458142305784
2018-04-19,-0.0009673500628776654
2018-04-20,-0.005249171977673777
2018-04-23,0.00031875260006369974
2018-04-24,-0.018241409610228475
2018-04-25,0.00842020000892935
2018-04-26,0.01570423285815093
2018-04-27,-0.005555625392460673
2018-04-30,-0.01120802643576341
2018-05-01,0.010252921615802487
2018-05-02,-0.00880635889794703
2018-05-03,-8.640356125753435e-05
2018-05-04,0.024673205527394444
2018-05-07,-0.0009741374562915347
2018-05-08,0.0059500923436193506
2018-05-09,0.011456649994980984
2018-05-10,0.006104412411462734
2018-05-11,0.0028653805387466643
2018-05-14,-0.006969870013625118
2018-05-15,-0.0008730998562374358
2018-05-16,0.003142965207786519
2018-05-17,-0.00197142819625488
2018-05-18,0.005947792446038806
2018-05-21,0.003774446485947826
2018-05-22,-0.016074910708140114
2018-05-23,0.014813340375649535
2018-05-24,-0.003577517848632785
2018-05-25,-0.007319040212559887
2018-05-29,0.00645212071536245
2018-05-30,0.006581660905077622
2018-05-31,0.0053104127589186905
2018-06-01,0.015834109554112758
2018-06-04,0.007226767012777299
2018-06-05,0.004513522945027138
2018-06-06,0.008011252241879258
2018-06-07,-0.013549256106825966
2018-06-08,0.005195908793457419
2018-06-11,0.006911025720887207
2018-06-12,0.00448216310100199
2018-06-13,0.0036844840451169454
2018-06-14,0.0002211285263001197
2018-06-15,-0.010351584551497204
2018-06-18,-0.008094485884531544
2018-06-19,0.02060365804051805
2018-06-20,0.004079896705984822
2018-06-21,-0.007703567406931926
2018-06-22,-0.01953565780460053
2018-06-25,-0.01627751006185408
2018-06-26,0.008586066983494407
2018-06-27,-0.01915661775801387
2018-06-28,0.015934085402427287
2018-06-29,-0.01306907700796028
2018-07-02,0.020208107202798194
2018-07-03,-0.007988435469284155
2018-07-05,0.004752401235151939
2018-07-06,0.020099705441313544
2018-07-09,0.008111832457848127
2018-07-10,-0.008763003129189463
2018-07-11,0.005189430723682496
2018-07-12,0.010029133881750394
2018-07-13,8.628745300366398e-05
2018-07-16,-0.011961692492218654
2018-07-17,0.01291246162565881
2018-07-18,-0.003616542653500746
2018-07-19,0.00195595230467144
2018-07-20,-0.005451934839925442
2018-07-23,0.012809530777644976
2018-07-24,-0.004370823977891646
2018-07-25,0.0023709023365842295
2018-07-26,0.004805485766168714
2018-07-27,-0.016004281198692905
2018-07-30,-0.008932443276797309
2018-07-31,0.0026872007298374546
2018-08-01,-0.007222365663124419
2018-08-02,0.016282615260667536
2018-08-03,0.003425070424128404
2018-08-06,0.0084435059506317
2018-08-07,-0.0032125835921175223
2018-08-08,0.0015110348174944901
2018-08-09,-0.006447622065077946
2018-08-10,0.001262165522041002
2018-08-13,-0.00020840476091376167
2018-08-14,-0.00584850497859571
2018-08-15,-0.0010884240002215348
2018-08-16,-0.0008422017421804628
2018-08-17,0.005762275534921961
2018-08-20,0.0014669096841716481
2018-08-21,-0.0020565856968975853
2018-08-22,0.001231281350465087
2018-08-23,0.0044449724212189765
2018-08-24,0.011589021586282073
2018-08-27,0.005308648968398632
2018-08-28,0.0004837002793264787
2018-08-29,0.008196438880712111
2018-08-30,-0.0021959629293213036
2018-08-31,-0.002131320957137233
2018-09-04,-0.004164721563306845
2018-09-05,-0.01114890693159874
2018-09-06,-0.019234909164216066
2018-09-07,0.011374627306135539
2018-09-10,-0.007081539056979399
2018-09-11,0.014794189834664384
2018-09-12,0.0037635474962133698
2018-09-13,0.004349745555819796
2018-09-14,-0.00329016485864083
2018-09-17,-0.010756780822709595
2018-09-18,0.008639273425761786
2018-09-19,0.006302877053340248
2018-09-20,0.0076458970355135145
2018-09-21,-0.010876056731806142
2018-09-24,0.009232058611076704
2018-09-25,0.00046001871712210516
2018-09-26,0.0023962526920617237
2018-09-27,-0.0010841360363817887
2018-09-28,0.010384899769565113
2018-10-01,-0.004948457280119408
2018-10-02,0.0009574777506658333
2018-10-03,-0.008796566176295257
2018-10-04,-0.017123918057027933
2018-10-05,-0.0152112974283298
2018-10-08,-0.0017717747360974844
2018-10-09,-0.0017143592667725018
2018-10-10,-0.04596568272303015
2018-10-11,0.00943535035748222
2018-10-12,-0.001478583911800101
2018-10-15,0.0019547165864097077
2018-10-16,0.018292534491221042
2018-10-17,-0.005570951225528061
2018-10-18,-0.01079720944805649
2018-10-19,-0.005285804418791948
2018-10-22,-0.017396742862896462
2018-10-23,0.012148409633594369
2018-10-24,-0.026196927702202784
2018-10-25,-0.004997267566621024
2018-10-26,0.012188769675929953
2018-10-29,-0.02142501315884374
2018-10-30,0.02482567372030212
2018-10-31,0.0038404353898174775
2018-11-01,0.005996378577032644
2018-11-02,-0.006958753251587484
2018-11-05,0.004552047878898992
2018-11-06,0.012763542661281352
2018-11-07,0.0071434361052100225
2018-11-08,-0.0023466030780159267
2018-11-09,-0.0036719856496568925
2018-11-12,-0.005118897439827832
2018-11-13,-0.0006541073381960134
2018-11-14,-0.012740156408657347
2018-11-15,0.007967796792468732
2018-11-16,0.0034538389108174747
2018-11-19,-0.014890567430436309
2018-11-20,-0.0009789862503669063
2018-11-21,-0.0098438051468964
2018-11-23,0.007997444576190098
2018-11-26,0.0010486813714464369
2018-11-27,0.011610142686376897
2018-11-28,0.011152029301236627
2018-11-29,0.0024076047758538307
2018-11-30,0.015817468534970125
2018-12-03,-0.0005391393709510517
2018-12-04,-0.025725038477231326
2018-12-06,0.006854654479159136
2018-12-07,-0.01239435916586916
2018-12-10,0.010649268785666337
2018-12-11,0.003487273973380619
2018-12-12,-0.0019359286550572313
2018-12-13,-0.005529088019072621
2018-12-14,-0.01446610293333838
2018-12-17,-0.012601093502800982
2018-12-18,-0.007969149148465755
2018-12-19,-0.014882048899576658
2018-12-20,-0.0049636455171769445
2018-12-21,-0.021011205991611027
2018-12-24,-0.017674244267239684
2018-12-26,0.02141142752991513
2018-12-27,0.01806382067729903
2018-12-28,-0.00033800832842127
2018-12-31,-0.008545897612676191
2019-01-02,0.0008362179088730666
2019-01-03,-0.002775929447687271
2019-01-04,0.014891932737585385
2019-01-07,0.007771706094084762
2019-01-08,0.00433434525380321
2019-01-09,-0.0045544411767219455
2019-01-10,0.005364996868384512
2019-01-11,-0.004113005609106442
2019-01-14,-0.0031061510029597563
2019-01-15,0.011969664957174355
2019-01-16,-0.002625286058874577
2019-01-17,0.011471000737812943
2019-01-18,-0.0009201103542160133
2019-01-22,-0.0008746701704540145
2019-01-23,0.0010907421739655915
2019-01-24,0.0022293415088144074
2019-01-25,-0.008301755679374603
2019-01-28,0.001088961259491338
2019-01-29,0.0014990617870750738
2019-01-30,0.011860894934093556
2019-01-31,0.01156075806444504
2019-02-01,-0.001584897212943056
2019-02-04,0.007848641477151723
2019-02-05,0.0026029727129306757
2019-02-06,-0.006644481090303054
2019-02-07,-0.006070791249713523
2019-02-08,0.011252509440523206
2019-02-11,0.002150232407904295
2019-02-12,0.009216595860800727
2019-02-13,-0.005804932409527031
2019-02-14,0.009703967764927074
2019-02-15,-0.0011892943522515626
2019-02-19,0.003878175594956402
2019-02-20,-0.002471704141978219
2019-02-21,0.0014108542053275694
2019-02-22,0.012138644586131671
2019-02-25,-0.0071339585626057096
2019-02-26,-0.0029971607444950663
2019-02-27,0.0012677873075766562
2019-02-28,0.008453958106461712
2019-03-01,0.007266056837650526
2019-03-04,-0.008724744974301538
2019-03-05,0.0004520341955618279
2019-03-06,-0.01154388700950856
2019-03-07,-0.020760137458400208
2019-03-08,0.014039203723950764
2019-03-11,0.022679443905002837
2019-03-12,0.008675366965871827
2019-03-13,0.005207029855157183
2019-03-14,0.0020966625415957067
2019-03-15,0.005846964349935259
2019-03-18,0.0054737421095966896
2019-03-19,-0.0021526977661450062
2019-03-20,-0.0027081514247589067
2019-03-21,0.01829982106182748
2019-03-22,-0.018588067651760645
2019-03-25,0.007997039925137485
2019-03-26,0.0013417099647333194
2019-03-27,-0.00586288104027138
2019-03-28,0.003935237187297267
2019-03-29,0.011000097700659042
2019-04-01,-0.0003046901945154576
2019-04-02,0.0032308928330860107
2019-04-03,0.0005149825036574124
2019-04-04,0.0006624708182920071
2019-04-05,0.00202216262027872
2019-04-08,0.00037898458118531056
2019-04-09,0.0019854124808061442
2019-04-10,0.004384804557641881
2019-04-11,0.001275709393896127
2019-04-12,0.0028347877526199022
2019-04-15,0.0041758537648417205
2019-04-16,0.0030602174495999836
2019-04-17,0.000246831875263264
2019-04-18,-0.0047270174670005095
2019-04-22,0.007539065439583865
2019-04-23,0.009759156527891593
2019-04-24,0.0020658923377652023
2019-04-25,-0.0023301809953506264
2019-04-26,0.0026538066707320423
2019-04-29,-0.004549901232739674
2019-04-30,0.012905618541988276
2019-05-01,-0.017824032033125093
2019-05-02,0.004612043952325277
2019-05-03,-0.019409853704326574
2019-05-06,0.0048394271464185625
2019-05-07,-0.014436993811467859
2019-05-08,-0.011576121154673207
2019-05-09,0.001497109223298414
2019-05-10,-0.01896298086263498
2019-05-13,-0.00454418114549176
2019-05-14,2.7881864961281473e-05
2019-05-15,0.018233159044030414
2019-05-16,-0.0017391178765747467
2019-05-17,-0.010196519366955183
2019-05-20,0.004366813947446915
2019-05-21,-0.0016490164431270976
2019-05-22,-0.012280528373096917
2019-05-23,0.0023141376134179245
2019-05-24,-0.0027965629677465607
2019-05-28,-0.014682306737705562
2019-05-29,0.0031446042521588403
2019-05-30,-0.00966879939077274
2019-05-31,-0.0025883495044345135
2019-06-03,-0.0016287478259791365
2019-06-04,0.022436885691520664
2019-06-05,0.004706202939180684
2019-06-06,0.010971661282843216
2019-06-07,0.010513231313029376
2019-06-10,0.008321973874868315
2019-06-11,-0.0075284390356952485
2019-06-12,0.004221418375738586
2019-06-13,-0.0018505890214971052
2019-06-14,0.004322029542735239
2019-06-17,0.008960833435448583
2019-06-18,0.000889484385975115
2019-06-19,0.01499039879167349
2019-06-20,-0.0031907710748914544
2019-06-21,0.0015265063604140774
2019-06-24,-0.0020176523504605985
2019-06-25,-0.009317338895449903
2019-06-26,-0.001555126096132894
2019-06-27,0.0020272358676705427
2019-06-28,0.014625989877508655
2019-07-01,-0.0065088544197377685
2019-07-02,0.006090170754939551
2019-07-03,-0.002109875882669825
2019-07-05,-0.001903341534700283
2019-07-08,-0.005850747051263783
2019-07-09,0.01645100612808017
2019-07-10,0.003923528580348584
2019-07-11,0.0026262171938457373
2019-07-12,0.011265303532778333
2019-07-15,-0.0013726070136689478
2019-07-16,-0.004081442757087425
2019-07-17,-0.013136509974240047
2019-07-18,0.015426818186904511
2019-07-19,-0.012018576323833536
2019-07-22,0.012860159344778674
2019-07-23,-0.00353932865098139
2019-07-24,0.010422878320561362
2019-07-25,-0.0012262410911724375
2019-07-26,0.0024529574618450665
2019-07-29,-0.012495037858121952
2019-07-30,0.007803448712139139
2019-07-31,-0.019727499237469484
2019-08-01,-0.011526715034857802
2019-08-02,-0.027136086622217757
2019-08-05,-0.010689600609068952
2019-08-06,-0.001727122583801651
2019-08-07,0.017823801524885427
2019-08-08,0.01263942105176127
2019-08-09,-0.008248728390096252
2019-08-12,-0.00537390503461732
2019-08-13,0.004994075712768338
2019-08-14,-0.007329530032098344
2019-08-15,0.007560300603581813
2019-08-16,0.015613981544890661
2019-08-19,0.0019164510865758212
2019-08-20,0.0002814564712857509
2019-08-21,0.0025535224721976134
2019-08-22,-0.004601232518124743
2019-08-23,-0.01116943151522317
2019-08-26,0.00973541042561048
2019-08-27,-0.008072665580671268
2019-08-28,0.013220867818233574
2019-08-29,0.00490315925887185
2019-08-30,-0.009516999338055722
2019-09-03,0.010825836269226572
2019-09-04,0.008651686631557721
2019-09-05,0.0030413632098968335
2019-09-06,-0.00133518948343619
2019-09-09,-0.009060339735739349
2019-09-10,0.0017521160132614975
2019-09-11,0.013046033092822155
2019-09-12,-0.005021247983524535
2019-09-13,-0.00732962122357707
2019-09-16,0.0012352117716593715
2019-09-17,0.005215398573169864
2019-09-18,0.003098849659630001
2019-09-19,0.002254221622551691
2019-09-20,-0.008704526451545316
2019-09-23,0.006630513142048376
2019-09-24,-0.011555745795062222
2019-09-25,0.0086844824593727
2019-09-26,0.0024217808437869085
2019-09-27,-0.008832016683837618
2019-09-30,0.007349588177329669
2019-10-01,-0.01562688982248453
2019-10-02,-0.012772443364348574
2019-10-03,0.013956267702501711
2019-10-04,0.00983625803027352
2019-10-07,-0.00749561060350479
2019-10-08,-0.002257713116548017
2019-10-09,0.001511414055252915
2019-10-10,0.014914965849828602
2019-10-11,-0.0006413626413461276
2019-10-14,0.00012069695904816141
2019-10-15,0.0006832401453963858
2019-10-16,0.004709229151974023
2019-10-17,-0.0037310438331342073
2019-10-18,0.0006110682123914891
2019-10-21,0.008238690332634899
2019-10-22,-0.010460477653359314
2019-10-23,0.009969139582596105
2019-10-24,0.0006553387901336815
2019-10-25,0.007684745230388415
2019-10-28,-0.0006572769780889621
2019-10-29,-0.0019252553537100708
2019-10-30,0.006505629670790956
2019-10-31,0.002320361028570103
2019-11-01,0.008852042072423398
2019-11-04,-0.005531214854372818
2019-11-05,-0.0014363896072886108
2019-11-06,0.004082760752179244
2019-11-07,-0.006185272031017481
2019-11-08,0.0008683751441208329
2019-11-11,0.0035158303941794215
2019-11-12,0.0003966121318871626
2019-11-13,0.005612078738709031
2019-11-14,0.008218872681241335
2019-11-15,0.00044110687672583454
2019-11-18,0.007074981235893458
2019-11-19,-0.004795060164084897
2019-11-20,-0.0035294376735575837
2019-11-21,0.00015338531369021976
2019-11-22,0.0015565077420258778
2019-11-25,0.007739690320930513
2019-11-26,0.005210889362679191
2019-11-27,0.0027752335770377307
2019-11-29,-0.0036332280619318317
2019-12-02,-0.03030042551135661
2019-12-03,0.012195312500577187
2019-12-04,0.006634014183629104
2019-12-05,0.009103473717752482
2019-12-06,0.0018571771520962425
2019-12-09,-0.004310680644339399
2019-12-10,0.0022894568471860752
2019-12-11,0.0015615537524314952
2019-12-12,0.01360209368357235
2019-12-13,0.012895643389370234
2019-12-16,0.004330103772173673
2019-12-17,0.00042259886426123544
2019-12-18,-0.0008650770905878403
2019-12-19,0.01185097975869302
2019-12-20,0.0036506629630047695
2019-12-23,1.7856402062945105e-05
2019-12-24,0.001212435550469122
2019-12-26,0.010622647056198099
2019-12-27,-0.004577851658425933
2019-12-30,-0.011770762775292837
2019-12-31,0.01575414331216361
2020-01-02,-0.008717067805442213
2020-01-03,-0.005869817616486662
2020-01-06,0.015846884783587964
2020-01-07,-0.0011466667944728909
2020-01-08,0.019375619130560327
2020-01-09,0.005155440232962964
2020-01-10,-0.0037628296918541713
2020-01-13,0.005613118917284871
2020-01-14,-0.002303728043407523
2020-01-15,0.008237367362145755
2020-01-16,0.009625067142013468
2020-01-17,-0.002810465489318658
2020-01-21,0.007911322925504012
2020-01-22,-0.0041695458890853385
2020-01-23,0.008052736863009393
2020-01-24,-0.04461272468790471
2020-01-27,0.011176074369480073
2020-01-28,0.013825874028328657
2020-01-29,-0.011778412785929143
2020-01-30,0.009499265083751303
2020-01-31,-0.015192069665718448
2020-02-03,0.021021585564887514
2020-02-04,0.014631886416254281
2020-02-05,0.0022007171554678535
2020-02-06,0.00022013268748593092
2020-02-07,-0.0071495748381037935
2020-02-10,0.01820923223038174
2020-02-11,0.0007586586095817554
2020-02-12,-0.0028232814625028303
2020-02-13,0.007280360260551801
2020-02-14,-0.0007746973882464728
2020-02-18,0.006811203399527819
2020-02-19,-0.00031435372156984583
2020-02-20,-0.009270090034307019
2020-02-21,-0.03953313745452447
2020-02-24,0.003714679086614433
2020-02-25,-0.028142281484781255
2020-02-26,-0.02146511996066694
2020-02-27,-0.05553183227972616
2020-02-28,0.0288779131028591
2020-03-02,0.04134131294164512
2020-03-03,-0.008171737278206907
2020-03-04,0.004453665761470445
2020-03-05,-0.0269825638220904
2020-03-06,-0.04065491180053116
2020-03-09,0.02897623481319896
2020-03-10,-0.012368882482595678
2020-03-11,-0.06519668411319618
2020-03-12,0.018739028060340293
2020-03-13,-0.06455069774502323
2020-03-16,0.011122640411003243
2020-03-17,-0.0037099585058598564
2020-03-18,0.009836412659399694
2020-03-19,0.001132689856602775
2020-03-20,-0.049405336006964985
2020-03-23,0.0138974436967815
2020-03-24,0.03091336716104465
2020-03-25,0.01395779068693741
2020-03-26,0.01893018888822346
2020-03-27,0.014675224989410101
2020-03-30,0.017811517474463717
2020-03-31,-0.03646921009962613
2020-04-01,-0.006940354796169645
2020-04-02,0.016053807577894732
2020-04-03,0.017479560315809706
2020-04-06,0.030116581407480605
2020-04-07,-0.013591491735658245
2020-04-08,0.014218386814804952
2020-04-09,-0.004373778233587979
2020-04-13,0.013447480869427302
2020-04-14,0.0024230121686781556
2020-04-15,0.007325787317057842
2020-04-16,0.014662340919252875
2020-04-17,-0.00838167849673874
2020-04-20,-0.011071398075475596
2020-04-21,-0.0014547662107845915
2020-04-22,0.005332137541421962
2020-04-23,-0.000842647229051024
2020-04-24,0.013551380961935689
2020-04-27,0.006199906918829647
2020-04-28,-0.003961288312660417
2020-04-29,0.004219137707104102
2020-04-30,-0.0146944890726147
2020-05-01,-0.009896967234482665
2020-05-04,0.018137559347033747
2020-05-05,0.006284546697088047
2020-05-06,0.0059216792985894206
2020-05-07,0.006551427154543994
2020-05-08,-0.0018188982741419136
2020-05-11,0.01423088344031759
2020-05-12,-0.017828032053431517
2020-05-13,-0.017986316067541436
2020-05-14,0.00668822674837693
2020-05-15,0.029878318256552454
2020-05-18,0.002688216443762638
2020-05-19,0.006365297298821662
2020-05-20,0.0038160386810528087
2020-05-21,-0.009023964888560321
2020-05-22,0.019580281419607035
2020-05-26,-0.014790563256913362
2020-05-27,0.004401120998626422
2020-05-28,0.0028484662836828776
2020-05-29,0.0071060400458517435
2020-06-01,0.007724879363174022
2020-06-02,0.00917073329529047
2020-06-03,0.0002904605650179789
2020-06-04,0.002332881871362471
2020-06-05,0.014751009215931652
2020-06-08,0.004897177136989405
2020-06-09,0.016806680094876316
2020-06-10,-0.016350212088243044
2020-06-11,-0.01593030380054538
2020-06-12,-0.026559594378832055
2020-06-15,0.045176025119259645
2020-06-16,0.0019503876601941693
2020-06-17,-0.005684235507404831
2020-06-18,0.013029967999389849
2020-06-19,-0.01113269188784147
2020-06-22,0.018038537686750303
2020-06-23,-0.0032604864505382295
2020-06-24,-0.016615276199905278
2020-06-25,0.00715209150783282
2020-06-26,-0.017956481243669085
2020-06-29,0.009138204413337996
2020-06-30,0.016603107120293926
2020-07-01,0.016196424443773852
2020-07-02,0.007518409842096433
2020-07-06,0.004709605584157343
2020-07-07,-0.001425692749179763
2020-07-08,0.010277145391266401
2020-07-09,-0.002122891155538364
2020-07-10,0.012878534889029663
2020-07-13,-0.035735684920061406
2020-07-14,0.025168709944743312
2020-07-15,-0.010940183012514086
2020-07-16,0.006095321876967686
2020-07-17,0.0017424227291723215
2020-07-20,0.026242802261220718
2020-07-21,-0.011087285792995186
2020-07-22,0.002747333447939423
2020-07-23,-0.03041236855180912
2020-07-24,0.008298666918981484
2020-07-27,0.0060754496947119305
2020-07-28,-0.0026742697157383435
2020-07-29,-0.001853704638537566
2020-07-30,0.0239001365839527
2020-07-31,0.00733266635968269
2020-08-03,0.0019803542295067176
2020-08-04,0.007710611919675502
2020-08-05,0.00032781258491471315
2020-08-06,0.008138426656175148
2020-08-07,-0.003976282499089656
2020-08-10,-0.003244499330695722
2020-08-11,-0.005001331905518973
2020-08-12,0.013994463573186847
2020-08-13,0.00040504745071026155
2020-08-14,0.0037642981012944716
2020-08-17,0.006890929039008821
2020-08-18,0.004147011213536464
2020-08-19,-0.00973204104102077
2020-08-20,0.012025910668784043
2020-08-21,0.017715717602574774
2020-08-24,-0.005066492118124325
2020-08-25,0.012009987767410031
2020-08-26,0.017704283735170714
2020-08-27,-0.00039641858903897997
2020-08-28,0.002706008390514442
2020-08-31,0.011032270164430157
2020-09-01,0.023897241767212397
2020-09-02,-0.00936457703437352
2020-09-03,-0.039794523407674975
2020-09-04,-0.03347882606063094
2020-09-08,0.0104164707149491
2020-09-09,0.015544361669320463
2020-09-10,-0.01525328440295685
2020-09-11,0.0035414472162533656
2020-09-14,0.011537380981234524
2020-09-15,0.002188471569670717
2020-09-16,-0.026759741317230933
2020-09-17,0.012063840547114586
2020-09-18,-0.029271892723595587
2020-09-21,0.014013292645550228
2020-09-22,0.0075972925602515486
2020-09-23,-0.028861189491719227
2020-09-24,0.007782138206958214
2020-09-25,0.029007441954338284
2020-09-28,0.0020094664768550755
2020-09-29,-0.0023307397970657277
2020-09-30,0.014002287609951326
2020-10-01,-0.01869912489521371
2020-10-02,0.010412824712268624
2020-10-05,0.009927609127626679
2020-10-06,-0.004324153008189091
2020-10-07,0.015024438628069396
2020-10-08,0.0039764177168874785
2020-10-09,0.016696778532659794
2020-10-12,0.007746879038865972
2020-10-13,-0.001848509152165178
2020-10-14,-0.020303661169856872
2020-10-15,0.015609214064132848
2020-10-16,-0.002612863026668244
2020-10-19,-0.014606236240573054
2020-10-20,-0.0008840058793286435
2020-10-21,-0.0008786743902819863
2020-10-22,0.0025094662411458265
2020-10-23,-0.009604135328375667
2020-10-26,-0.005767308410465693
2020-10-27,-0.018489988722023752
2020-10-28,-0.01413713990429587
2020-10-29,0.004168712255134595
2020-10-30,-2.187572908070399e-05
2020-11-02,0.010304291819929593
2020-11-03,0.021868076572721083
2020-11-04,0.02202928717993153
2020-11-05,0.005292837062940931
2020-11-06,0.02973522096745909
2020-11-09,-0.028455372804368495
2020-11-10,0.006563458716024317
2020-11-11,-0.0015822159032349162
2020-11-12,-0.0023236732301728917
2020-11-13,0.014449558752677526
2020-11-16,0.0016422793863696253
2020-11-17,0.0010378255420847892
2020-11-18,-0.00840909652085527
2020-11-19,0.0057042879085477454
2020-11-20,0.0004274684904478239
2020-11-23,0.008229404046244533
2020-11-24,0.007957031889241658
2020-11-25,0.002756351262725933
2020-11-27,-0.0005908663757905701
2020-11-30,0.006072208591466472
2020-12-01,-0.00370324788602186
2020-12-02,0.003420462232177236
2020-12-03,4.381539772121555e-05
2020-12-04,0.007698182330983307
2020-12-07,-0.00044217445711295907
2020-12-08,0.007551703455279984
2020-12-09,-0.028843314728909136
2020-12-10,0.0015368950444728789
2020-12-11,0.011680856835395001
2020-12-14,0.006557935730077227
2020-12-15,0.007587445113205726
2020-12-16,0.010323935970871377
2020-12-17,0.003816458072565728
2020-12-18,-0.021272950059876495
2020-12-21,0.01664951768664112
2020-12-22,0.0005798367789592786
2020-12-23,-0.0052433685345013616
2020-12-24,0.016707230970414468
2020-12-28,0.005099910384128356
2020-12-29,-0.002893322773863751
2020-12-30,-0.001827165229316024
2020-12-31,0.010615539095694262
2021-01-04,-0.03082561340838132
2021-01-05,0.009123516878942228
2021-01-06,0.024840567577112754
2021-01-07,0.01896419629137424
2021-01-08,-0.011224694357179925
2021-01-11,0.0033803516541510517
2021-01-12,0.0032934321690263582
2021-01-13,0.004394328234082431
2021-01-14,-0.01124803438479088
2021-01-15,0.0016226118195688318
2021-01-19,0.012951279893685512
2021-01-20,0.008258358125805183
2021-01-21,-0.009022827839411884
2021-01-22,0.005281851501631369
2021-01-25,0.0028466593509968753
2021-01-26,-0.019554924829121578
2021-01-27,-0.010873389994040382
2021-01-28,-0.0009880354533025257
2021-01-29,-0.005112056823176204
2021-02-01,0.020319489148923443
2021-02-02,0.01133034921795097
2021-02-03,-0.0015640871282792258
2021-02-04,0.012747742552385932
2021-02-05,0.003804908566999549
2021-02-08,0.00038321787077964255
2021-02-09,0.005883644942701235
2021-02-10,-0.0032861769522743497
2021-02-11,-0.003090831248399894
2021-02-12,0.012166250677579897
2021-02-16,-0.011246858096638028
2021-02-17,-0.004698718472125928
2021-02-18,0.011330033238009105
2021-02-19,-0.01824656893998127
2021-02-22,-0.02198551827551657
2021-02-23,0.005570249550557203
2021-02-24,0.011642006714461247
2021-02-25,-0.018905754075511066
2021-02-26,0.007523593011623683
2021-03-01,0.011406681229413764
2021-03-02,-0.008980509690292588
2021-03-03,-0.007389048932817328
2021-03-04,0.00559843068196305
2021-03-05,0.01071027538336786
2021-03-08,-0.0021423593362837555
2021-03-09,0.007544816525492973
2021-03-10,0.009081332292594519
2021-03-11,0.0010522642235446513
2021-03-12,0.004380773918468782
2021-03-15,-0.0021654291130065563
2021-03-16,-0.007557814028351659
2021-03-17,0.003148018542442966
2021-03-18,-0.013556092087510721
2021-03-19,-0.00024683727463547687
2021-03-22,-0.005009688216232376
2021-03-23,0.0017304269919075853
2021-03-24,-0.009704784929606818
2021-03-25,0.017952611231452264
2021-03-26,0.00404745860781191
2021-03-29,-0.0017416412323712348
2021-03-30,0.003350451494295893
2021-03-31,0.004800712431816542
2021-04-01,0.014097257692796501
2021-04-05,0.00034922245639495324
2021-04-06,-0.0013467294493436175
2021-04-07,0.002929715834561196
2021-04-08,0.0006056245055981431
2021-04-09,0.005452416296900769
2021-04-12,-0.0005073097513645236
2021-04-13,0.0048523968886688565
2021-04-14,0.004120421012735376
2021-04-15,0.005566441838721183
2021-04-16,-0.006009822855616628
2021-04-19,-0.007287112819885564
2021-04-20,-0.016043667740864104
2021-04-21,0.01758262168423245
2021-04-22,-0.010559299789883642
2021-04-23,0.013939608055717763
2021-04-26,0.006377410159294253
2021-04-27,0.0014392126845163165
2021-04-28,0.014015320657658478
2021-04-29,-0.011503558555305
2021-04-30,0.005019648612303374
2021-05-03,-0.009726861085776476
2021-05-04,0.0033136643208497647
2021-05-05,-0.0019481252195334186
2021-05-06,0.010746029457121475
2021-05-07,0.010855496664890076
2021-05-10,-0.03733344030489346
2021-05-11,-0.000384351201291177
2021-05-12,-0.009969832108608422
2021-05-13,0.015308731494132161
2021-05-14,0.008074830326801506
2021-05-17,0.006226017650325265
2021-05-18,-0.02995514222552936
2021-05-19,0.014161478420759457
2021-05-20,0.013243418092759668
2021-05-21,0.0009173659381307058
2021-05-24,0.008127457014888227
2021-05-25,-0.00555812198159968
2021-05-26,0.005359030205210067
2021-05-27,0.0035437322559745523
2021-05-28,0.006873988960263779
2021-06-01,0.0019451342381554622
2021-06-02,-0.006149506420742175
2021-06-03,0.007519604098472579
2021-06-04,0.004933940822101518
2021-06-07,-0.0011844129090137897
2021-06-08,0.002048848626747427
2021-06-09,-1.2468649156190462e-06
2021-06-10,-0.0012542829152142549
2021-06-11,0.001285017657676181
2021-06-14,0.0015628334887754858
2021-06-15,-0.0020236856627248285
2021-06-16,-0.008217678090911661
2021-06-17,-0.014829905800320505
2021-06-18,-0.0010122654835867276
2021-06-21,0.014525700427043911
2021-06-22,0.011457549740960131
2021-06-23,0.005953020581959487
2021-06-24,0.00528695042240075
2021-06-25,0.0008828241878650043
2021-06-28,0.002610297380228106
2021-06-29,-0.001838691134854379
2021-06-30,0.008538512753460866
2021-07-01,0.0050426138597700395
2021-07-02,0.006303014853642121
2021-07-06,-0.00142650943508193
2021-07-07,-0.02575717672816733
2021-07-08,0.01481315305726802
2021-07-09,0.012520797772107546
2021-07-12,0.002539424663528033
2021-07-13,0.0055828448841630275
2021-07-14,-0.016285932213098313
2021-07-15,0.0014619721662066766
2021-07-16,-0.042790597848958695
2021-07-19,0.0021938062184461296
2021-07-20,0.02373188115347525
2021-07-21,0.013938720585770368
2021-07-22,0.008452349219001083
2021-07-23,0.003051036751086536
2021-07-26,0.003565571941896843
2021-07-27,-0.004103088384889198
2021-07-28,0.003034992599650941
2021-07-29,-0.008562256983743542
2021-07-30,0.009001439636516626
2021-08-02,-0.0064722474368290525
2021-08-03,0.004490231346077619
2021-08-04,0.0037730113324606035
2021-08-05,0.0065542963547148315
2021-08-06,-0.0009305129418951595
2021-08-09,0.0035954012167488127
2021-08-10,0.0031679947573647464
2021-08-11,-0.000776165505230182
2021-08-12,0.005475906486964402
2021-08-13,-0.008808769520800896
2021-08-16,-0.006931954919248083
2021-08-17,-0.004958969415803056
2021-08-18,-0.025367223387739477
2021-08-19,0.010256528294833967
2021-08-20,0.019139957449549338
2021-08-23,0.018481118777049783
2021-08-24,0.004853613941051093
2021-08-25,0.0020594158945853877
2021-08-26,-0.003052546341344697
2021-08-27,0.015796726434216514
2021-08-30,0.002200284598314883
2021-08-31,0.0007628320422513308
2021-09-01,0.004829688581403016
2021-09-02,-0.006073028769741674
2021-09-03,0.0058451180449926934
2021-09-07,-0.002525646489015332
2021-09-08,-0.000202877010221049
2021-09-09,-0.0009487931691473042
2021-09-10,-0.009189338475527853
2021-09-13,-0.00564975081045932
2021-09-14,-0.008028653400561032
2021-09-15,0.004155992566372761
2021-09-16,0.0005288550576260913
2021-09-17,-0.03454665345867396
2021-09-20,0.002190998178139307
2021-09-21,-0.0014827708808116684
2021-09-22,0.010384278836180373
2021-09-23,-0.00030428532069143495
2021-09-24,-0.0026432072253981228
2021-09-27,-0.017352864802612205
2021-09-28,-0.015049143867176557
2021-09-29,0.0032070196662040734
2021-09-30,-0.00947498500808731
2021-10-01,0.0022449739162592177
2021-10-04,-0.012048483161345977
2021-10-05,0.0004943548152426334
2021-10-06,0.023608833976396106
2021-10-07,0.003412623519597877
2021-10-08,-0.00841890806720589
2021-10-11,-0.0024301219705387405
2021-10-12,-0.0030521517676389636
2021-10-13,0.010947073795086405
2021-10-14,0.013256296400562436
2021-10-15,-0.0008459527599463021
2021-10-18,0.01258061633233164
2021-10-19,0.007704408353615211
2021-10-20,0.00034121351185322337
2021-10-21,0.0039260184708790604
2021-10-22,0.0029256851476622677
2021-10-25,0.007415408659226055
2021-10-26,-0.0012204118643917093
2021-10-27,0.000853757582032896
2021-10-28,0.00032087808907818225
2021-10-29,0.013931956975019545
2021-11-01,0.0008780781917301825
2021-11-02,0.003830262695520665
2021-11-03,0.019446072816240712
2021-11-04,0.017122531849941627
2021-11-05,-0.0029181661786362965
2021-11-08,0.0021955520242831704
2021-11-09,-0.021561689984916893
2021-11-10,-0.001888218093167735
2021-11-11,-0.004031520151815784
2021-11-12,0.010858045641391756
2021-11-15,-0.0023093412026901714
2021-11-16,0.010346139383671803
2021-11-17,0.004260312086082544
2021-11-18,0.004003896701793051
2021-11-19,0.003380021062892357
2021-11-22,-0.012175890292457699
2021-11-23,-0.0076020409123102
2021-11-24,-0.006496980706048621
2021-11-26,0.007485684647509827
2021-11-29,-0.001726694874377717
2021-11-30,0.004436683689642127
2021-12-01,-0.027234064362896254
2021-12-02,0.015818984082782643
2021-12-03,-0.016263317028256247
2021-12-06,0.022964646966344975
2021-12-07,0.011928184097299654
2021-12-08,0.0008314557204822836
2021-12-09,-0.0027064815526471253
2021-12-10,0.004236709601516474
2021-12-13,-0.020805906378407426
2021-12-14,0.0007261938225172203
2021-12-15,0.02338398144567172
2021-12-16,-0.027812189472183294
2021-12-17,-0.008866311309922515
2021-12-20,0.008485318960637018
2021-12-21,0.010654479112185672
2021-12-22,0.014029223483089295
2021-12-23,0.008765423725842134
2021-12-27,0.012253277868743855
2021-12-28,-0.004075628295516473
2021-12-29,0.0009583377744011405
2021-12-30,-0.003018432943878503
2021-12-31,0.0008244019908636778
2022-01-03,0.004996375545131713
2022-01-04,-0.012797552258882173
2022-01-05,-0.02279383932671221
2022-01-06,-0.0005943462296907835
2022-01-07,-0.0174243516065056
2022-01-10,0.00656781085047505
2022-01-11,0.014353115419833484
2022-01-12,0.0025529212968690806
2022-01-13,-0.025231354139285865
2022-01-14,-0.005936072655492654
2022-01-18,-0.00422274337275447
2022-01-19,-0.005755018823739792
2022-01-20,-0.01955988558034868
2022-01-21,-0.03205838502000095
2022-01-24,-0.0003951714739059308
2022-01-25,0.016027154199384438
2022-01-26,-0.008279733990504478
2022-01-27,-0.01574778296056163
2022-01-28,0.024181714692669852
2022-01-31,0.027103086875966437
2022-02-01,0.013613663965614638
2022-02-02,-0.005503089161243778
2022-02-03,-0.0043967495711926255
2022-02-04,0.006143766450682682
2022-02-07,0.0010600030935407497
2022-02-08,0.008104679907909414
2022-02-09,-0.005662150986047957
2022-02-10,-0.0016576663916798308
2022-02-11,-0.009073852196483066
2022-02-14,-0.002583449266336052
2022-02-15,0.0034697202651810225
2022-02-16,-0.0018736249277837179
2022-02-17,-0.008689224434390276
2022-02-18,0.0019324564795738918
2022-02-22,-0.005326126664277725
2022-02-23,-0.027556305205208687
2022-02-24,0.018469368530678675
2022-02-25,0.0064861460027882305
2022-02-28,0.010001042728046732
2022-03-01,-0.0005756682498226859
2022-03-02,0.010736990915529368
2022-03-03,-0.004373561351285606
2022-03-04,0.012265520737790622
2022-03-07,-0.005418903317468759
2022-03-08,-0.006793220660132666
2022-03-09,-0.0044807945981202085
2022-03-10,0.006371466468803369
2022-03-11,-0.012546423233715614
2022-03-14,-0.008983256002551888
2022-03-15,0.013819025100131827
2022-03-16,0.005979052371599059
2022-03-17,0.008252298963519925
2022-03-18,0.008815510305459294
2022-03-21,0.006252825523673779
2022-03-22,0.004949650861336285
2022-03-23,0.0001539399824671161
2022-03-24,0.005934887015167077
2022-03-25,0.004705967239451459
2022-03-28,0.004834072012292613
2022-03-29,0.0076437314015429915
2022-03-30,-0.0009039793327372426
2022-03-31,-0.004230273262447721
2022-04-01,0.0063165742740315675
2022-04-04,0.0019528948533023434
2022-04-05,-0.011708628009769153
2022-04-06,-0.00023729978799408216
2022-04-07,0.0047066117408000345
2022-04-08,-0.0038272961491304645
2022-04-11,-0.0018588808809068356
2022-04-12,-0.0024164016462786043
2022-04-13,0.008180929331513513
2022-04-14,-0.0064573678788759515
2022-04-18,-0.00010461499105838667
2022-04-19,0.014277363447861399
2022-04-20,0.0009818660974159087
2022-04-21,-0.027289010050679012
2022-04-22,-0.030160819194424128
2022-04-25,0.004561967329797834
2022-04-26,-0.01298225666944536
2022-04-27,0.009173597726884836
2022-04-28,0.009957892965007795
2022-04-29,-0.02413743276625472
2022-05-02,0.0028749000309861023
2022-05-03,0.010475183241448962
2022-05-04,0.0152597375880968
2022-05-05,-0.017429067258438315
2022-05-06,-0.005413558927121348
2022-05-09,-0.006065531178502574
2022-05-10,-0.0070463749067861065
2022-05-11,-0.00789897268584427
2022-05-12,0.010221355213847714
2022-05-13,0.010019037231463909
2022-05-16,0.01161840882845091
2022-05-17,-0.0022683046052454957
2022-05-18,-0.03292585724189271
2022-05-19,0.008353991988855393
2022-05-20,0.0021967014960422543
2022-05-23,0.0013701860018868529
2022-05-24,0.008812057454811279
2022-05-25,0.009879866023123296
2022-05-26,0.008844192764888192
2022-05-27,0.014132298738432195
2022-05-31,-0.0029194761701602113
2022-06-01,-0.006949773085846006
2022-06-02,0.005080062384606834
2022-06-03,0.005780345208098095
2022-06-06,-0.011335348846220158
2022-06-07,0.013387841667081703
2022-06-08,-0.008697153303042963
2022-06-09,-0.025478524936659818
2022-06-10,-0.02228761747646909
2022-06-13,-0.009179670305947442
2022-06-14,-0.005545377389831645
2022-06-15,-0.017180451467771165
2022-06-16,-0.009128077932104552
2022-06-17,0.0030069146461989965
2022-06-21,-0.001087482269945419
2022-06-22,0.01223522340230052
2022-06-23,0.0074365219701980866
2022-06-24,0.012509309555456807
2022-06-27,0.006727482460460286
2022-06-28,-0.008617257282483082
2022-06-29,-0.015766020142625955
2022-06-30,0.005346220330629273
2022-07-01,0.0003629413900447546
2022-07-05,0.0013661887738248973
2022-07-06,0.00701625906012854
2022-07-07,0.005041510700371383
2022-07-08,-0.004563448166300448
2022-07-11,-0.005306815463529849
2022-07-12,-0.013949201372662104
2022-07-13,-0.0035412892024116313
2022-07-14,0.020602115405678585
2022-07-15,0.009073575976968342
2022-07-18,-0.004118570572121398
2022-07-19,0.0122188725241948
2022-07-20,0.0018793137385670943
2022-07-21,0.008560251388378896
2022-07-22,-0.004138787826452876
2022-07-25,0.002085963426982991
2022-07-26,-0.0004093653459369518
2022-07-27,0.019721463976801266
2022-07-28,0.01168882951158154
2022-07-29,0.005580400167712202
2022-08-01,-0.00015012407484345442
2022-08-02,0.0031494954678735324
2022-08-03,0.005424917879856886
2022-08-04,-0.013473893699204854
2022-08-05,0.011798802673968514
2022-08-08,-0.0021560071891077726
2022-08-09,0.011562793315385215
2022-08-10,0.008282808314411971
2022-08-11,-0.0007211983191625284
2022-08-12,0.003271852140732781
2022-08-15,0.007832028757899737
2022-08-16,-0.005789666972328047
2022-08-17,0.003296318329621319
2022-08-18,-0.0013720120699658135
2022-08-19,-0.012253386867092084
2022-08-22,-0.005721291207271923
2022-08-23,0.000177839381871195
2022-08-24,0.00873145187089176
2022-08-25,0.0070806600055862015
2022-08-26,-0.03352410450404898
2022-08-29,0.0033572597658244165
2022-08-30,-0.012239907195759027
2022-08-31,-0.013040810881651611
2022-09-01,0.016397441612505843
2022-09-02,-0.013270974274029401
2022-09-06,-0.009748822676978127
2022-09-07,0.012470406731842179
2022-09-08,0.013173457957568932
2022-09-09,0.013129119943931827
2022-09-12,-0.012190703878087968
2022-09-13,-0.016004847557113813
2022-09-14,-0.0015211289678120563
2022-09-15,-0.01433876793115631
2022-09-16,-0.008898109504593632
2022-09-19,0.008657203001866523
2022-09-20,0.005316163948374906
2022-09-21,-0.016499872227142682
2022-09-22,-0.018493449445950088
2022-09-23,-0.012209339486104876
2022-09-26,0.0021565610246271883
2022-09-27,-0.008953637620626214
2022-09-28,0.006208616582945577
2022-09-29,-0.013627929882887236
2022-09-30,-7.517806422446252e-05
2022-10-03,0.025626707191851346
2022-10-04,0.0037955295054776196
2022-10-05,0.0025771835948278222
2022-10-06,-0.009881742777364741
2022-10-07,-0.012101739390698252
2022-10-10,-0.012734046867019191
2022-10-11,0.00199763492311226
2022-10-12,-0.021612256550701793
2022-10-13,0.04524925426038852
2022-10-14,-0.011837382068766437
2022-10-17,0.020293741143723974
2022-10-18,-0.00929320576349391
2022-10-19,0.00458992564867676
2022-10-20,-0.008310712009008379
2022-10-21,0.020288920117773127
2022-10-24,0.007701324708360758
2022-10-25,0.006524131203483743
2022-10-26,0.003451292563481992
2022-10-27,-0.003578930569338657
2022-10-28,0.011026855962687746
2022-10-31,0.008583218459176954
2022-11-01,-0.011407234296963673
2022-11-02,-0.026061782994891536
2022-11-03,0.018969213792587272
2022-11-04,9.460139518124874e-05
2022-11-07,0.009438210393700484
2022-11-08,-0.0029243217127847007
2022-11-09,0.012655322911419202
2022-11-10,0.013555668817123258
2022-11-11,0.0015708574506842204
2022-11-14,0.008665581174917333
2022-11-15,-0.006314441430894477
2022-11-16,-0.015439095470707726
2022-11-17,0.012404124776847436
2022-11-18,-0.0062732547859959825
2022-11-21,0.005614546389843347
2022-11-22,0.004953890353247137
2022-11-23,0.0042274961025477505
2022-11-25,-0.007223821480126347
2022-11-28,-0.0035633070769494676
2022-11-29,0.0014501567105522826
2022-11-30,0.021273178659483798
2022-12-01,-0.010846924476941574
2022-12-02,0.004285642861588509
2022-12-05,-0.004752040963137168
2022-12-06,-0.01142635306943757
2022-12-07,0.003956424725134225
2022-12-08,0.0025678833101980907
2022-12-09,-0.003462158635295703
2022-12-12,0.03499565502137257
2022-12-13,-0.018915141272886366
2022-12-14,-0.014085029011018515
2022-12-15,-0.017868605061373617
2022-12-16,-0.003159226210315018
2022-12-19,-0.009153824665528044
2022-12-20,0.0073641568335195765
2022-12-21,0.0002061896137769622
2022-12-22,-0.0071065997371941685
2022-12-23,0.004666697385119806
2022-12-27,-0.003536574233678719
2022-12-28,-0.004518183861453109
2022-12-29,0.0011449213316536038
